--------------------------------------------------------
--  File created - poniedzia³ek-czerwca-10-2024   
--------------------------------------------------------
--------------------------------------------------------
--  DDL for Sequence ADRESYS
--------------------------------------------------------

   CREATE SEQUENCE  "MDUDEK8"."ADRESYS"  MINVALUE 1 MAXVALUE 9999999999999999999999999999 INCREMENT BY 1 START WITH 21 CACHE 20 NOORDER  NOCYCLE  NOKEEP  NOSCALE  GLOBAL ;
--------------------------------------------------------
--  DDL for Sequence BILETYS
--------------------------------------------------------

   CREATE SEQUENCE  "MDUDEK8"."BILETYS"  MINVALUE 1 MAXVALUE 9999999999999999999999999999 INCREMENT BY 1 START WITH 141 CACHE 20 NOORDER  NOCYCLE  NOKEEP  NOSCALE  GLOBAL ;
--------------------------------------------------------
--  DDL for Sequence FAKTURYS
--------------------------------------------------------

   CREATE SEQUENCE  "MDUDEK8"."FAKTURYS"  MINVALUE 1 MAXVALUE 9999999999999999999999999999 INCREMENT BY 1 START WITH 21 CACHE 20 NOORDER  NOCYCLE  NOKEEP  NOSCALE  GLOBAL ;
--------------------------------------------------------
--  DDL for Sequence KIBICES
--------------------------------------------------------

   CREATE SEQUENCE  "MDUDEK8"."KIBICES"  MINVALUE 1 MAXVALUE 9999999999999999999999999999 INCREMENT BY 1 START WITH 41 CACHE 20 NOORDER  NOCYCLE  NOKEEP  NOSCALE  GLOBAL ;
--------------------------------------------------------
--  DDL for Sequence KLUB_PILKARSKIS
--------------------------------------------------------

   CREATE SEQUENCE  "MDUDEK8"."KLUB_PILKARSKIS"  MINVALUE 1 MAXVALUE 9999999999999999999999999999 INCREMENT BY 1 START WITH 21 CACHE 20 NOORDER  NOCYCLE  NOKEEP  NOSCALE  GLOBAL ;
--------------------------------------------------------
--  DDL for Sequence MECZES
--------------------------------------------------------

   CREATE SEQUENCE  "MDUDEK8"."MECZES"  MINVALUE 1 MAXVALUE 9999999999999999999999999999 INCREMENT BY 1 START WITH 41 CACHE 20 NOORDER  NOCYCLE  NOKEEP  NOSCALE  GLOBAL ;
--------------------------------------------------------
--  DDL for Sequence POCZTYS
--------------------------------------------------------

   CREATE SEQUENCE  "MDUDEK8"."POCZTYS"  MINVALUE 1 MAXVALUE 9999999999999999999999999999 INCREMENT BY 1 START WITH 41 CACHE 20 NOORDER  NOCYCLE  NOKEEP  NOSCALE  GLOBAL ;
--------------------------------------------------------
--  DDL for Sequence PRACOWNICYS
--------------------------------------------------------

   CREATE SEQUENCE  "MDUDEK8"."PRACOWNICYS"  MINVALUE 1 MAXVALUE 9999999999999999999999999999 INCREMENT BY 1 START WITH 41 CACHE 20 NOORDER  NOCYCLE  NOKEEP  NOSCALE  GLOBAL ;
--------------------------------------------------------
--  DDL for Sequence PRODUCENCIS
--------------------------------------------------------

   CREATE SEQUENCE  "MDUDEK8"."PRODUCENCIS"  MINVALUE 1 MAXVALUE 9999999999999999999999999999 INCREMENT BY 1 START WITH 21 CACHE 20 NOORDER  NOCYCLE  NOKEEP  NOSCALE  GLOBAL ;
--------------------------------------------------------
--  DDL for Sequence PRODUKTYS
--------------------------------------------------------

   CREATE SEQUENCE  "MDUDEK8"."PRODUKTYS"  MINVALUE 1 MAXVALUE 9999999999999999999999999999 INCREMENT BY 1 START WITH 141 CACHE 20 NOORDER  NOCYCLE  NOKEEP  NOSCALE  GLOBAL ;
--------------------------------------------------------
--  DDL for Sequence STADIONYS
--------------------------------------------------------

   CREATE SEQUENCE  "MDUDEK8"."STADIONYS"  MINVALUE 1 MAXVALUE 9999999999999999999999999999 INCREMENT BY 1 START WITH 1 CACHE 20 NOORDER  NOCYCLE  NOKEEP  NOSCALE  GLOBAL ;
--------------------------------------------------------
--  DDL for Sequence STANOWISKAS
--------------------------------------------------------

   CREATE SEQUENCE  "MDUDEK8"."STANOWISKAS"  MINVALUE 1 MAXVALUE 9999999999999999999999999999 INCREMENT BY 1 START WITH 21 CACHE 20 NOORDER  NOCYCLE  NOKEEP  NOSCALE  GLOBAL ;
--------------------------------------------------------
--  DDL for Sequence WYNAGRODZENIAS
--------------------------------------------------------

   CREATE SEQUENCE  "MDUDEK8"."WYNAGRODZENIAS"  MINVALUE 1 MAXVALUE 9999999999999999999999999999 INCREMENT BY 1 START WITH 21 CACHE 20 NOORDER  NOCYCLE  NOKEEP  NOSCALE  GLOBAL ;
--------------------------------------------------------
--  DDL for Sequence ZAMOWIENIAS
--------------------------------------------------------

   CREATE SEQUENCE  "MDUDEK8"."ZAMOWIENIAS"  MINVALUE 1 MAXVALUE 9999999999999999999999999999 INCREMENT BY 1 START WITH 41 CACHE 20 NOORDER  NOCYCLE  NOKEEP  NOSCALE  GLOBAL ;
--------------------------------------------------------
--  DDL for Table ADRESY
--------------------------------------------------------

  CREATE TABLE "MDUDEK8"."ADRESY" 
   (	"NR_ADRESU" NUMBER(*,0), 
	"KRAJ" VARCHAR2(30 BYTE), 
	"MIEJSCOWOŒÆ" VARCHAR2(30 BYTE), 
	"ULICA" VARCHAR2(30 BYTE), 
	"NR_DOMU" NUMBER(*,0), 
	"NR_LOKALU" NUMBER(*,0), 
	"NR_POCZTY" NUMBER(*,0)
   ) SEGMENT CREATION IMMEDIATE 
  PCTFREE 10 PCTUSED 40 INITRANS 1 MAXTRANS 255 
 NOCOMPRESS LOGGING
  STORAGE(INITIAL 65536 NEXT 1048576 MINEXTENTS 1 MAXEXTENTS 2147483645
  PCTINCREASE 0 FREELISTS 1 FREELIST GROUPS 1
  BUFFER_POOL DEFAULT FLASH_CACHE DEFAULT CELL_FLASH_CACHE DEFAULT)
  TABLESPACE "USERS" ;

   COMMENT ON COLUMN "MDUDEK8"."ADRESY"."KRAJ" IS 'Kraj z jakiego jest adres';
   COMMENT ON COLUMN "MDUDEK8"."ADRESY"."MIEJSCOWOŒÆ" IS 'Miejscowoœæ z jakiej jest adres';
   COMMENT ON COLUMN "MDUDEK8"."ADRESY"."ULICA" IS 'Ulica adresu';
   COMMENT ON COLUMN "MDUDEK8"."ADRESY"."NR_DOMU" IS 'Numer domu adresu';
   COMMENT ON COLUMN "MDUDEK8"."ADRESY"."NR_LOKALU" IS 'Numer lokalu adresu';
--------------------------------------------------------
--  DDL for Table BILETY
--------------------------------------------------------

  CREATE TABLE "MDUDEK8"."BILETY" 
   (	"NR_BILETU" NUMBER(*,0), 
	"RODZAJ_BILETU" VARCHAR2(30 BYTE), 
	"CENA" NUMBER(10,2), 
	"DATA" DATE, 
	"NR_KLUBU" NUMBER(*,0), 
	"NR_KIBICA" NUMBER(*,0), 
	"NR_MECZU" NUMBER(*,0)
   ) SEGMENT CREATION IMMEDIATE 
  PCTFREE 10 PCTUSED 40 INITRANS 1 MAXTRANS 255 
 NOCOMPRESS LOGGING
  STORAGE(INITIAL 65536 NEXT 1048576 MINEXTENTS 1 MAXEXTENTS 2147483645
  PCTINCREASE 0 FREELISTS 1 FREELIST GROUPS 1
  BUFFER_POOL DEFAULT FLASH_CACHE DEFAULT CELL_FLASH_CACHE DEFAULT)
  TABLESPACE "USERS" ;
--------------------------------------------------------
--  DDL for Table FAKTURY
--------------------------------------------------------

  CREATE TABLE "MDUDEK8"."FAKTURY" 
   (	"NR_FAKTURY" NUMBER(*,0), 
	"DATA_WYSTAWIENIA" DATE, 
	"CENA_BRUTTO" NUMBER(10,2), 
	"CENA_NETTO" NUMBER(10,2), 
	"WARTOSC_VAT" NUMBER(10,2), 
	"FORMA_PLATNOSCI" VARCHAR2(30 BYTE)
   ) SEGMENT CREATION IMMEDIATE 
  PCTFREE 10 PCTUSED 40 INITRANS 1 MAXTRANS 255 
 NOCOMPRESS LOGGING
  STORAGE(INITIAL 65536 NEXT 1048576 MINEXTENTS 1 MAXEXTENTS 2147483645
  PCTINCREASE 0 FREELISTS 1 FREELIST GROUPS 1
  BUFFER_POOL DEFAULT FLASH_CACHE DEFAULT CELL_FLASH_CACHE DEFAULT)
  TABLESPACE "USERS" ;

   COMMENT ON COLUMN "MDUDEK8"."FAKTURY"."NR_FAKTURY" IS 'Numer faktury';
   COMMENT ON COLUMN "MDUDEK8"."FAKTURY"."DATA_WYSTAWIENIA" IS 'Data wystawienia faktury';
   COMMENT ON COLUMN "MDUDEK8"."FAKTURY"."CENA_BRUTTO" IS 'Cena brutto na fakturze';
   COMMENT ON COLUMN "MDUDEK8"."FAKTURY"."CENA_NETTO" IS 'Cena netto na fakturze';
   COMMENT ON COLUMN "MDUDEK8"."FAKTURY"."WARTOSC_VAT" IS 'Wartoœæ VAT na fakturze';
   COMMENT ON COLUMN "MDUDEK8"."FAKTURY"."FORMA_PLATNOSCI" IS 'Forma platnosci za fakture';
--------------------------------------------------------
--  DDL for Table KIBICE
--------------------------------------------------------

  CREATE TABLE "MDUDEK8"."KIBICE" 
   (	"NR_KIBICA" NUMBER(*,0), 
	"IMIE" VARCHAR2(20 BYTE), 
	"NAZWISKO" VARCHAR2(30 BYTE), 
	"PESEL" CHAR(11 BYTE), 
	"EMAIL" VARCHAR2(30 BYTE), 
	"TELEFON" VARCHAR2(12 BYTE), 
	"DATA_URODZENIA" DATE, 
	"NR_KLUBU" NUMBER(*,0), 
	"NR_ADRESU" NUMBER(*,0)
   ) SEGMENT CREATION IMMEDIATE 
  PCTFREE 10 PCTUSED 40 INITRANS 1 MAXTRANS 255 
 NOCOMPRESS LOGGING
  STORAGE(INITIAL 65536 NEXT 1048576 MINEXTENTS 1 MAXEXTENTS 2147483645
  PCTINCREASE 0 FREELISTS 1 FREELIST GROUPS 1
  BUFFER_POOL DEFAULT FLASH_CACHE DEFAULT CELL_FLASH_CACHE DEFAULT)
  TABLESPACE "USERS" ;
--------------------------------------------------------
--  DDL for Table KIBIC_PRODUKT
--------------------------------------------------------

  CREATE TABLE "MDUDEK8"."KIBIC_PRODUKT" 
   (	"NR_KIBICA" NUMBER(*,0), 
	"NR_PRODUKTU" NUMBER(*,0)
   ) SEGMENT CREATION DEFERRED 
  PCTFREE 10 PCTUSED 40 INITRANS 1 MAXTRANS 255 
 NOCOMPRESS LOGGING
  TABLESPACE "USERS" ;
--------------------------------------------------------
--  DDL for Table KLUB_PILKARSKI
--------------------------------------------------------

  CREATE TABLE "MDUDEK8"."KLUB_PILKARSKI" 
   (	"NR_KLUBU" NUMBER(*,0), 
	"NAZWA" VARCHAR2(30 BYTE), 
	"WLASCICIEL" VARCHAR2(300 BYTE), 
	"DATA_ZALOZENIA" DATE, 
	"STRONA_WWW" VARCHAR2(30 BYTE), 
	"NR_ADRESU" NUMBER(*,0)
   ) SEGMENT CREATION IMMEDIATE 
  PCTFREE 10 PCTUSED 40 INITRANS 1 MAXTRANS 255 
 NOCOMPRESS LOGGING
  STORAGE(INITIAL 65536 NEXT 1048576 MINEXTENTS 1 MAXEXTENTS 2147483645
  PCTINCREASE 0 FREELISTS 1 FREELIST GROUPS 1
  BUFFER_POOL DEFAULT FLASH_CACHE DEFAULT CELL_FLASH_CACHE DEFAULT)
  TABLESPACE "USERS" ;
--------------------------------------------------------
--  DDL for Table MECZE
--------------------------------------------------------

  CREATE TABLE "MDUDEK8"."MECZE" 
   (	"NR_MECZU" NUMBER(*,0), 
	"DRUZYNA_PRZECIWNA" VARCHAR2(30 BYTE), 
	"DATA" DATE, 
	"GODZINA" VARCHAR2(5 BYTE), 
	"IMIE_SEDZIEGO" VARCHAR2(30 BYTE), 
	"NAZWISKO_SEDZIEGO" VARCHAR2(30 BYTE), 
	"WYNIK" VARCHAR2(5 BYTE), 
	"NR_KLUBU" NUMBER(*,0), 
	"NR_STADIONU" NUMBER(*,0)
   ) SEGMENT CREATION IMMEDIATE 
  PCTFREE 10 PCTUSED 40 INITRANS 1 MAXTRANS 255 
 NOCOMPRESS LOGGING
  STORAGE(INITIAL 65536 NEXT 1048576 MINEXTENTS 1 MAXEXTENTS 2147483645
  PCTINCREASE 0 FREELISTS 1 FREELIST GROUPS 1
  BUFFER_POOL DEFAULT FLASH_CACHE DEFAULT CELL_FLASH_CACHE DEFAULT)
  TABLESPACE "USERS" ;
--------------------------------------------------------
--  DDL for Table POCZTY
--------------------------------------------------------

  CREATE TABLE "MDUDEK8"."POCZTY" 
   (	"NR_POCZTY" NUMBER(*,0), 
	"KOD_POCZTOWY" CHAR(8 BYTE), 
	"POCZTA" VARCHAR2(30 BYTE)
   ) SEGMENT CREATION IMMEDIATE 
  PCTFREE 10 PCTUSED 40 INITRANS 1 MAXTRANS 255 
 NOCOMPRESS LOGGING
  STORAGE(INITIAL 65536 NEXT 1048576 MINEXTENTS 1 MAXEXTENTS 2147483645
  PCTINCREASE 0 FREELISTS 1 FREELIST GROUPS 1
  BUFFER_POOL DEFAULT FLASH_CACHE DEFAULT CELL_FLASH_CACHE DEFAULT)
  TABLESPACE "USERS" ;

   COMMENT ON COLUMN "MDUDEK8"."POCZTY"."KOD_POCZTOWY" IS 'Kod pocztowy';
   COMMENT ON COLUMN "MDUDEK8"."POCZTY"."POCZTA" IS 'Poczta';
--------------------------------------------------------
--  DDL for Table PRACOWNICY
--------------------------------------------------------

  CREATE TABLE "MDUDEK8"."PRACOWNICY" 
   (	"NR_PRACOWNIKA" NUMBER(*,0), 
	"IMIE" VARCHAR2(20 BYTE), 
	"NAZWISKO" VARCHAR2(30 BYTE), 
	"PESEL" CHAR(11 BYTE), 
	"PLEC" CHAR(1 BYTE), 
	"TELEFON_SLUZBOWY" VARCHAR2(12 BYTE), 
	"OBYWATELSTWO" VARCHAR2(50 BYTE), 
	"DATA_URODZENIA" DATE, 
	"DATA_ZATRUDNIENIA" DATE, 
	"EMAIL" VARCHAR2(30 BYTE), 
	"DATA_ZWOLNIENIA" DATE, 
	"NR_KLUBU" NUMBER(*,0), 
	"NR_STADIONU" NUMBER(*,0), 
	"NR_STANOWISKA" NUMBER(*,0), 
	"NR_ADRESU" NUMBER(*,0)
   ) SEGMENT CREATION IMMEDIATE 
  PCTFREE 10 PCTUSED 40 INITRANS 1 MAXTRANS 255 
 NOCOMPRESS LOGGING
  STORAGE(INITIAL 65536 NEXT 1048576 MINEXTENTS 1 MAXEXTENTS 2147483645
  PCTINCREASE 0 FREELISTS 1 FREELIST GROUPS 1
  BUFFER_POOL DEFAULT FLASH_CACHE DEFAULT CELL_FLASH_CACHE DEFAULT)
  TABLESPACE "USERS" ;
--------------------------------------------------------
--  DDL for Table PRACOWNIK_MECZ
--------------------------------------------------------

  CREATE TABLE "MDUDEK8"."PRACOWNIK_MECZ" 
   (	"NR_PRACOWNIKA" NUMBER(*,0), 
	"NR_MECZU" NUMBER(*,0)
   ) SEGMENT CREATION DEFERRED 
  PCTFREE 10 PCTUSED 40 INITRANS 1 MAXTRANS 255 
 NOCOMPRESS LOGGING
  TABLESPACE "USERS" ;
--------------------------------------------------------
--  DDL for Table PRODUCENCI
--------------------------------------------------------

  CREATE TABLE "MDUDEK8"."PRODUCENCI" 
   (	"NR_PRODUCENTA" NUMBER(*,0), 
	"NAZWA_PRODUCENTA" VARCHAR2(30 BYTE), 
	"TELEFON" VARCHAR2(12 BYTE), 
	"EMAIL" VARCHAR2(50 BYTE), 
	"STRONA_WWW" VARCHAR2(30 BYTE), 
	"NR_ADRESU" NUMBER(*,0)
   ) SEGMENT CREATION IMMEDIATE 
  PCTFREE 10 PCTUSED 40 INITRANS 1 MAXTRANS 255 
 NOCOMPRESS LOGGING
  STORAGE(INITIAL 65536 NEXT 1048576 MINEXTENTS 1 MAXEXTENTS 2147483645
  PCTINCREASE 0 FREELISTS 1 FREELIST GROUPS 1
  BUFFER_POOL DEFAULT FLASH_CACHE DEFAULT CELL_FLASH_CACHE DEFAULT)
  TABLESPACE "USERS" ;

   COMMENT ON COLUMN "MDUDEK8"."PRODUCENCI"."NAZWA_PRODUCENTA" IS 'Nazwa producenta';
   COMMENT ON COLUMN "MDUDEK8"."PRODUCENCI"."TELEFON" IS 'Telefon do producenta';
   COMMENT ON COLUMN "MDUDEK8"."PRODUCENCI"."EMAIL" IS 'Adres poczty elektronicznej producenta';
   COMMENT ON COLUMN "MDUDEK8"."PRODUCENCI"."STRONA_WWW" IS 'Strona internetowa producenta';
--------------------------------------------------------
--  DDL for Table PRODUKTY
--------------------------------------------------------

  CREATE TABLE "MDUDEK8"."PRODUKTY" 
   (	"NR_PRODUKTU" NUMBER(*,0), 
	"NAZWA_PRODUKTU" VARCHAR2(50 BYTE), 
	"CENA" NUMBER(10,2), 
	"RODZAJ_PRODUKTU" VARCHAR2(30 BYTE), 
	"PRODUCENT" VARCHAR2(20 BYTE), 
	"NR_KLUBU" NUMBER(*,0), 
	"NR_PRODUCENTA" NUMBER(*,0)
   ) SEGMENT CREATION IMMEDIATE 
  PCTFREE 10 PCTUSED 40 INITRANS 1 MAXTRANS 255 
 NOCOMPRESS LOGGING
  STORAGE(INITIAL 65536 NEXT 1048576 MINEXTENTS 1 MAXEXTENTS 2147483645
  PCTINCREASE 0 FREELISTS 1 FREELIST GROUPS 1
  BUFFER_POOL DEFAULT FLASH_CACHE DEFAULT CELL_FLASH_CACHE DEFAULT)
  TABLESPACE "USERS" ;
--------------------------------------------------------
--  DDL for Table PRODUKT_ZAMOWIENIE
--------------------------------------------------------

  CREATE TABLE "MDUDEK8"."PRODUKT_ZAMOWIENIE" 
   (	"NR_PRODUKTU" NUMBER(*,0), 
	"NR_ZAMÓWIENIA" NUMBER(*,0)
   ) SEGMENT CREATION DEFERRED 
  PCTFREE 10 PCTUSED 40 INITRANS 1 MAXTRANS 255 
 NOCOMPRESS LOGGING
  TABLESPACE "USERS" ;
--------------------------------------------------------
--  DDL for Table STADIONY
--------------------------------------------------------

  CREATE TABLE "MDUDEK8"."STADIONY" 
   (	"NR_STADIONU" NUMBER(*,0), 
	"POJEMNOSC" NUMBER(*,0), 
	"ILOSC_WEJSC" NUMBER(*,0), 
	"DATA_WYBUDOWY" DATE, 
	"NR_KLUBU" NUMBER(*,0), 
	"NR_ADRESU" NUMBER(*,0)
   ) SEGMENT CREATION IMMEDIATE 
  PCTFREE 10 PCTUSED 40 INITRANS 1 MAXTRANS 255 
 NOCOMPRESS LOGGING
  STORAGE(INITIAL 65536 NEXT 1048576 MINEXTENTS 1 MAXEXTENTS 2147483645
  PCTINCREASE 0 FREELISTS 1 FREELIST GROUPS 1
  BUFFER_POOL DEFAULT FLASH_CACHE DEFAULT CELL_FLASH_CACHE DEFAULT)
  TABLESPACE "USERS" ;
--------------------------------------------------------
--  DDL for Table STANOWISKA
--------------------------------------------------------

  CREATE TABLE "MDUDEK8"."STANOWISKA" 
   (	"NR_STANOWISKA" NUMBER(*,0), 
	"NAZWA_STANOWISKA" CHAR(30 BYTE), 
	"OPIS" VARCHAR2(500 BYTE)
   ) SEGMENT CREATION IMMEDIATE 
  PCTFREE 10 PCTUSED 40 INITRANS 1 MAXTRANS 255 
 NOCOMPRESS LOGGING
  STORAGE(INITIAL 65536 NEXT 1048576 MINEXTENTS 1 MAXEXTENTS 2147483645
  PCTINCREASE 0 FREELISTS 1 FREELIST GROUPS 1
  BUFFER_POOL DEFAULT FLASH_CACHE DEFAULT CELL_FLASH_CACHE DEFAULT)
  TABLESPACE "USERS" ;
--------------------------------------------------------
--  DDL for Table WYNAGRODZENIA
--------------------------------------------------------

  CREATE TABLE "MDUDEK8"."WYNAGRODZENIA" 
   (	"NR_WYNAGRODZENIA" NUMBER(*,0), 
	"DATA_PRZYZNANIA" DATE, 
	"PENSJA" NUMBER(10,2), 
	"BONUS" NUMBER(10,2), 
	"NR_PRACOWNIKA" NUMBER(*,0)
   ) SEGMENT CREATION IMMEDIATE 
  PCTFREE 10 PCTUSED 40 INITRANS 1 MAXTRANS 255 
 NOCOMPRESS LOGGING
  STORAGE(INITIAL 65536 NEXT 1048576 MINEXTENTS 1 MAXEXTENTS 2147483645
  PCTINCREASE 0 FREELISTS 1 FREELIST GROUPS 1
  BUFFER_POOL DEFAULT FLASH_CACHE DEFAULT CELL_FLASH_CACHE DEFAULT)
  TABLESPACE "USERS" ;

   COMMENT ON COLUMN "MDUDEK8"."WYNAGRODZENIA"."NR_WYNAGRODZENIA" IS 'Numer wynagrodzenia';
   COMMENT ON COLUMN "MDUDEK8"."WYNAGRODZENIA"."DATA_PRZYZNANIA" IS 'Data przyznania wynagrodzenia';
   COMMENT ON COLUMN "MDUDEK8"."WYNAGRODZENIA"."PENSJA" IS 'Pensja pracownika';
   COMMENT ON COLUMN "MDUDEK8"."WYNAGRODZENIA"."BONUS" IS 'Bonus do wynagrodzenia';
--------------------------------------------------------
--  DDL for Table ZAMOWIENIA
--------------------------------------------------------

  CREATE TABLE "MDUDEK8"."ZAMOWIENIA" 
   (	"NR_ZAMOWIENIA" NUMBER(*,0), 
	"DATA_ZLOZENIA" DATE, 
	"DATA_WPLATY" DATE, 
	"DATA_PRZYJECIA_ZAMOWIENIA" DATE, 
	"NR_KLUBU" NUMBER(*,0), 
	"NR_KIBICA" NUMBER(*,0), 
	"NR_FAKTURY" NUMBER(*,0)
   ) SEGMENT CREATION IMMEDIATE 
  PCTFREE 10 PCTUSED 40 INITRANS 1 MAXTRANS 255 
 NOCOMPRESS LOGGING
  STORAGE(INITIAL 65536 NEXT 1048576 MINEXTENTS 1 MAXEXTENTS 2147483645
  PCTINCREASE 0 FREELISTS 1 FREELIST GROUPS 1
  BUFFER_POOL DEFAULT FLASH_CACHE DEFAULT CELL_FLASH_CACHE DEFAULT)
  TABLESPACE "USERS" ;
REM INSERTING into MDUDEK8.ADRESY
SET DEFINE OFF;
Insert into MDUDEK8.ADRESY (NR_ADRESU,KRAJ,"MIEJSCOWOŒÆ",ULICA,NR_DOMU,NR_LOKALU,NR_POCZTY) values ('1','Polska','Lublin','Owocowa','2','16','1');
Insert into MDUDEK8.ADRESY (NR_ADRESU,KRAJ,"MIEJSCOWOŒÆ",ULICA,NR_DOMU,NR_LOKALU,NR_POCZTY) values ('2','Polska','Warszawa','Malinowa','34','34','2');
Insert into MDUDEK8.ADRESY (NR_ADRESU,KRAJ,"MIEJSCOWOŒÆ",ULICA,NR_DOMU,NR_LOKALU,NR_POCZTY) values ('3','Polska','Bychawa','Turkusowa','11','44','3');
Insert into MDUDEK8.ADRESY (NR_ADRESU,KRAJ,"MIEJSCOWOŒÆ",ULICA,NR_DOMU,NR_LOKALU,NR_POCZTY) values ('4','Polska','Wola','Zielona','5','68','4');
Insert into MDUDEK8.ADRESY (NR_ADRESU,KRAJ,"MIEJSCOWOŒÆ",ULICA,NR_DOMU,NR_LOKALU,NR_POCZTY) values ('5','Argentyna','Wola','Niebieska','89','89','5');
Insert into MDUDEK8.ADRESY (NR_ADRESU,KRAJ,"MIEJSCOWOŒÆ",ULICA,NR_DOMU,NR_LOKALU,NR_POCZTY) values ('6','Ukraina','Kijów','Fioletowa','34','54','6');
Insert into MDUDEK8.ADRESY (NR_ADRESU,KRAJ,"MIEJSCOWOŒÆ",ULICA,NR_DOMU,NR_LOKALU,NR_POCZTY) values ('7','Polska','Lublin','Lipowa','7','34','7');
Insert into MDUDEK8.ADRESY (NR_ADRESU,KRAJ,"MIEJSCOWOŒÆ",ULICA,NR_DOMU,NR_LOKALU,NR_POCZTY) values ('8','Polska','Lublin','Chwastowa','9','43','8');
Insert into MDUDEK8.ADRESY (NR_ADRESU,KRAJ,"MIEJSCOWOŒÆ",ULICA,NR_DOMU,NR_LOKALU,NR_POCZTY) values ('9','Polska','Lublin','Czarna','4','4','9');
Insert into MDUDEK8.ADRESY (NR_ADRESU,KRAJ,"MIEJSCOWOŒÆ",ULICA,NR_DOMU,NR_LOKALU,NR_POCZTY) values ('10','Polska','Lublin','Nijaka','4','5','10');
Insert into MDUDEK8.ADRESY (NR_ADRESU,KRAJ,"MIEJSCOWOŒÆ",ULICA,NR_DOMU,NR_LOKALU,NR_POCZTY) values ('11','Polska','Lublin','Pluszowa','5','56','11');
Insert into MDUDEK8.ADRESY (NR_ADRESU,KRAJ,"MIEJSCOWOŒÆ",ULICA,NR_DOMU,NR_LOKALU,NR_POCZTY) values ('12','Polska','Bia³ystok',' Meksykañska','87','110','12');
Insert into MDUDEK8.ADRESY (NR_ADRESU,KRAJ,"MIEJSCOWOŒÆ",ULICA,NR_DOMU,NR_LOKALU,NR_POCZTY) values ('13','Polska','Warszawa','Józefowska','78','78','13');
Insert into MDUDEK8.ADRESY (NR_ADRESU,KRAJ,"MIEJSCOWOŒÆ",ULICA,NR_DOMU,NR_LOKALU,NR_POCZTY) values ('14','Polska','Poznañ','Kozielska','55','78','14');
REM INSERTING into MDUDEK8.BILETY
SET DEFINE OFF;
Insert into MDUDEK8.BILETY (NR_BILETU,RODZAJ_BILETU,CENA,DATA,NR_KLUBU,NR_KIBICA,NR_MECZU) values ('5','Ulgowy','12',to_date('24/01/16','RR/MM/DD'),'1','2','2');
Insert into MDUDEK8.BILETY (NR_BILETU,RODZAJ_BILETU,CENA,DATA,NR_KLUBU,NR_KIBICA,NR_MECZU) values ('6','Normalny','25',to_date('24/01/20','RR/MM/DD'),'1','3','3');
Insert into MDUDEK8.BILETY (NR_BILETU,RODZAJ_BILETU,CENA,DATA,NR_KLUBU,NR_KIBICA,NR_MECZU) values ('7','Normalny','25',to_date('24/01/20','RR/MM/DD'),'1','4','3');
REM INSERTING into MDUDEK8.FAKTURY
SET DEFINE OFF;
Insert into MDUDEK8.FAKTURY (NR_FAKTURY,DATA_WYSTAWIENIA,CENA_BRUTTO,CENA_NETTO,WARTOSC_VAT,FORMA_PLATNOSCI) values ('1',to_date('23/11/08','RR/MM/DD'),'400','308','23','Przelew');
REM INSERTING into MDUDEK8.KIBICE
SET DEFINE OFF;
Insert into MDUDEK8.KIBICE (NR_KIBICA,IMIE,NAZWISKO,PESEL,EMAIL,TELEFON,DATA_URODZENIA,NR_KLUBU,NR_ADRESU) values ('1','Olgierd','Kowalski','2147483647 ','okowal@wp.pl','111111111',to_date('00/06/19','RR/MM/DD'),'1','10');
Insert into MDUDEK8.KIBICE (NR_KIBICA,IMIE,NAZWISKO,PESEL,EMAIL,TELEFON,DATA_URODZENIA,NR_KLUBU,NR_ADRESU) values ('2','Aleksandra','Januszcyk','33322211165','ajanuszczyk@wp.pl','222222222',to_date('00/03/08','RR/MM/DD'),'1','11');
Insert into MDUDEK8.KIBICE (NR_KIBICA,IMIE,NAZWISKO,PESEL,EMAIL,TELEFON,DATA_URODZENIA,NR_KLUBU,NR_ADRESU) values ('3','Andrzej','Foka','55544433311','afoka@gmail.com','777777777',to_date('94/10/13','RR/MM/DD'),'1','12');
Insert into MDUDEK8.KIBICE (NR_KIBICA,IMIE,NAZWISKO,PESEL,EMAIL,TELEFON,DATA_URODZENIA,NR_KLUBU,NR_ADRESU) values ('4','Cezary','Niezgoda','54545454545','cniezgoda@wp.pl','999999999',to_date('79/04/01','RR/MM/DD'),'1','13');
REM INSERTING into MDUDEK8.KIBIC_PRODUKT
SET DEFINE OFF;
REM INSERTING into MDUDEK8.KLUB_PILKARSKI
SET DEFINE OFF;
Insert into MDUDEK8.KLUB_PILKARSKI (NR_KLUBU,NAZWA,WLASCICIEL,DATA_ZALOZENIA,STRONA_WWW,NR_ADRESU) values ('1','HuwduFC','Dawid Dziura',to_date('12/11/02','RR/MM/DD'),'www.huwduFC.pl','1');
REM INSERTING into MDUDEK8.MECZE
SET DEFINE OFF;
Insert into MDUDEK8.MECZE (NR_MECZU,DRUZYNA_PRZECIWNA,DATA,GODZINA,IMIE_SEDZIEGO,NAZWISKO_SEDZIEGO,WYNIK,NR_KLUBU,NR_STADIONU) values ('1','Siarka Tarnobrzeg',to_date('23/08/11','RR/MM/DD'),'11:00','Jan','Kowalski','8:1','1','1');
Insert into MDUDEK8.MECZE (NR_MECZU,DRUZYNA_PRZECIWNA,DATA,GODZINA,IMIE_SEDZIEGO,NAZWISKO_SEDZIEGO,WYNIK,NR_KLUBU,NR_STADIONU) values ('2','Avia Œwidnik',to_date('24/01/13','RR/MM/DD'),'18:00','Jerzy','Maj',null,'1','1');
Insert into MDUDEK8.MECZE (NR_MECZU,DRUZYNA_PRZECIWNA,DATA,GODZINA,IMIE_SEDZIEGO,NAZWISKO_SEDZIEGO,WYNIK,NR_KLUBU,NR_STADIONU) values ('3','Stal Kraœnik',to_date('24/06/22','RR/MM/DD'),'16:00','Cezary','Polak',null,'1','2');
REM INSERTING into MDUDEK8.POCZTY
SET DEFINE OFF;
Insert into MDUDEK8.POCZTY (NR_POCZTY,KOD_POCZTOWY,POCZTA) values ('1','20      ','207');
Insert into MDUDEK8.POCZTY (NR_POCZTY,KOD_POCZTOWY,POCZTA) values ('2','2       ','320');
Insert into MDUDEK8.POCZTY (NR_POCZTY,KOD_POCZTOWY,POCZTA) values ('3','34      ','080');
Insert into MDUDEK8.POCZTY (NR_POCZTY,KOD_POCZTOWY,POCZTA) values ('4','06      ','099');
Insert into MDUDEK8.POCZTY (NR_POCZTY,KOD_POCZTOWY,POCZTA) values ('5','24      ','340');
Insert into MDUDEK8.POCZTY (NR_POCZTY,KOD_POCZTOWY,POCZTA) values ('6','23      ','304');
Insert into MDUDEK8.POCZTY (NR_POCZTY,KOD_POCZTOWY,POCZTA) values ('7','45      ','678');
Insert into MDUDEK8.POCZTY (NR_POCZTY,KOD_POCZTOWY,POCZTA) values ('8','56      ','345');
Insert into MDUDEK8.POCZTY (NR_POCZTY,KOD_POCZTOWY,POCZTA) values ('9','1       ','111');
Insert into MDUDEK8.POCZTY (NR_POCZTY,KOD_POCZTOWY,POCZTA) values ('10','2       ','222');
Insert into MDUDEK8.POCZTY (NR_POCZTY,KOD_POCZTOWY,POCZTA) values ('11','3       ','333');
Insert into MDUDEK8.POCZTY (NR_POCZTY,KOD_POCZTOWY,POCZTA) values ('12','4       ','444');
Insert into MDUDEK8.POCZTY (NR_POCZTY,KOD_POCZTOWY,POCZTA) values ('13','5       ','555');
Insert into MDUDEK8.POCZTY (NR_POCZTY,KOD_POCZTOWY,POCZTA) values ('14','6       ','666');
Insert into MDUDEK8.POCZTY (NR_POCZTY,KOD_POCZTOWY,POCZTA) values ('21','77      ','777');
REM INSERTING into MDUDEK8.PRACOWNICY
SET DEFINE OFF;
Insert into MDUDEK8.PRACOWNICY (NR_PRACOWNIKA,IMIE,NAZWISKO,PESEL,PLEC,TELEFON_SLUZBOWY,OBYWATELSTWO,DATA_URODZENIA,DATA_ZATRUDNIENIA,EMAIL,DATA_ZWOLNIENIA,NR_KLUBU,NR_STADIONU,NR_STANOWISKA,NR_ADRESU) values ('3','Marcin','Dudek','11122233344','M','123456789','Polska',to_date('02/02/03','RR/MM/DD'),to_date('21/08/05','RR/MM/DD'),'mdudek@gmail.com',null,'1','1','1','3');
Insert into MDUDEK8.PRACOWNICY (NR_PRACOWNIKA,IMIE,NAZWISKO,PESEL,PLEC,TELEFON_SLUZBOWY,OBYWATELSTWO,DATA_URODZENIA,DATA_ZATRUDNIENIA,EMAIL,DATA_ZWOLNIENIA,NR_KLUBU,NR_STADIONU,NR_STANOWISKA,NR_ADRESU) values ('4','Kacper','Karczmarek','99988877766','M','987654321','Polska',to_date('02/05/17','RR/MM/DD'),to_date('20/07/01','RR/MM/DD'),'kkarczmarek@gmail.com',null,'1','1','1','4');
Insert into MDUDEK8.PRACOWNICY (NR_PRACOWNIKA,IMIE,NAZWISKO,PESEL,PLEC,TELEFON_SLUZBOWY,OBYWATELSTWO,DATA_URODZENIA,DATA_ZATRUDNIENIA,EMAIL,DATA_ZWOLNIENIA,NR_KLUBU,NR_STADIONU,NR_STANOWISKA,NR_ADRESU) values ('5','Anna','Kowalska','22233344455','K','234567899','Polska',to_date('94/01/30','RR/MM/DD'),to_date('22/04/04','RR/MM/DD'),'akowalska@gmail.com',null,'1','1','3','5');
Insert into MDUDEK8.PRACOWNICY (NR_PRACOWNIKA,IMIE,NAZWISKO,PESEL,PLEC,TELEFON_SLUZBOWY,OBYWATELSTWO,DATA_URODZENIA,DATA_ZATRUDNIENIA,EMAIL,DATA_ZWOLNIENIA,NR_KLUBU,NR_STADIONU,NR_STANOWISKA,NR_ADRESU) values ('6','Jose','Vini','45678901234','K','112233445','Hiszpania',to_date('18/01/25','RR/MM/DD'),to_date('13/08/01','RR/MM/DD'),'jvini@gmail.com',null,'1','1','2','6');
REM INSERTING into MDUDEK8.PRACOWNIK_MECZ
SET DEFINE OFF;
REM INSERTING into MDUDEK8.PRODUCENCI
SET DEFINE OFF;
Insert into MDUDEK8.PRODUCENCI (NR_PRODUCENTA,NAZWA_PRODUCENTA,TELEFON,EMAIL,STRONA_WWW,NR_ADRESU) values ('9','Rgol','8989898989','rgol@gmail.com','www.rgol.com','14');
Insert into MDUDEK8.PRODUCENCI (NR_PRODUCENTA,NAZWA_PRODUCENTA,TELEFON,EMAIL,STRONA_WWW,NR_ADRESU) values ('12','DomKibica','454511111','domkibica@gmail.com','www.domkibica.com','2');
REM INSERTING into MDUDEK8.PRODUKTY
SET DEFINE OFF;
Insert into MDUDEK8.PRODUKTY (NR_PRODUKTU,NAZWA_PRODUKTU,CENA,RODZAJ_PRODUKTU,PRODUCENT,NR_KLUBU,NR_PRODUCENTA) values ('123','Koszulka wyjazdowa xd','2122','Koszulka','Rgol','1','12');
Insert into MDUDEK8.PRODUKTY (NR_PRODUKTU,NAZWA_PRODUKTU,CENA,RODZAJ_PRODUKTU,PRODUCENT,NR_KLUBU,NR_PRODUCENTA) values ('1','Koszulka Dudek XL','3000','Koszulka','R-gol','1','9');
Insert into MDUDEK8.PRODUKTY (NR_PRODUKTU,NAZWA_PRODUKTU,CENA,RODZAJ_PRODUKTU,PRODUCENT,NR_KLUBU,NR_PRODUCENTA) values ('2','Czapka zimowa','80','Czapka','DomKibica','1','12');
Insert into MDUDEK8.PRODUKTY (NR_PRODUKTU,NAZWA_PRODUKTU,CENA,RODZAJ_PRODUKTU,PRODUCENT,NR_KLUBU,NR_PRODUCENTA) values ('3','Koszulka Karczmarek M','200','Koszulka','DomKibica','1','12');
Insert into MDUDEK8.PRODUKTY (NR_PRODUKTU,NAZWA_PRODUKTU,CENA,RODZAJ_PRODUKTU,PRODUCENT,NR_KLUBU,NR_PRODUCENTA) values ('81','Koszulka Dudek s','234','Koszulka','R-gol','1','9');
REM INSERTING into MDUDEK8.PRODUKT_ZAMOWIENIE
SET DEFINE OFF;
REM INSERTING into MDUDEK8.STADIONY
SET DEFINE OFF;
Insert into MDUDEK8.STADIONY (NR_STADIONU,POJEMNOSC,ILOSC_WEJSC,DATA_WYBUDOWY,NR_KLUBU,NR_ADRESU) values ('1','24000','3',to_date('12/01/05','RR/MM/DD'),'1','8');
Insert into MDUDEK8.STADIONY (NR_STADIONU,POJEMNOSC,ILOSC_WEJSC,DATA_WYBUDOWY,NR_KLUBU,NR_ADRESU) values ('2','8000','1',to_date('04/01/08','RR/MM/DD'),'1','9');
REM INSERTING into MDUDEK8.STANOWISKA
SET DEFINE OFF;
Insert into MDUDEK8.STANOWISKA (NR_STANOWISKA,NAZWA_STANOWISKA,OPIS) values ('1','Pi³karz                      ',null);
Insert into MDUDEK8.STANOWISKA (NR_STANOWISKA,NAZWA_STANOWISKA,OPIS) values ('2','Trener                        ',null);
Insert into MDUDEK8.STANOWISKA (NR_STANOWISKA,NAZWA_STANOWISKA,OPIS) values ('3','Ksiêgowa                     ',null);
Insert into MDUDEK8.STANOWISKA (NR_STANOWISKA,NAZWA_STANOWISKA,OPIS) values ('4','Lekarz                        ',null);
REM INSERTING into MDUDEK8.WYNAGRODZENIA
SET DEFINE OFF;
Insert into MDUDEK8.WYNAGRODZENIA (NR_WYNAGRODZENIA,DATA_PRZYZNANIA,PENSJA,BONUS,NR_PRACOWNIKA) values ('5',to_date('22/08/10','RR/MM/DD'),'7000',null,'3');
Insert into MDUDEK8.WYNAGRODZENIA (NR_WYNAGRODZENIA,DATA_PRZYZNANIA,PENSJA,BONUS,NR_PRACOWNIKA) values ('6',to_date('22/08/10','RR/MM/DD'),'7000','300','4');
Insert into MDUDEK8.WYNAGRODZENIA (NR_WYNAGRODZENIA,DATA_PRZYZNANIA,PENSJA,BONUS,NR_PRACOWNIKA) values ('7',to_date('22/08/10','RR/MM/DD'),'5000','500','5');
Insert into MDUDEK8.WYNAGRODZENIA (NR_WYNAGRODZENIA,DATA_PRZYZNANIA,PENSJA,BONUS,NR_PRACOWNIKA) values ('8',to_date('22/08/10','RR/MM/DD'),'8000',null,'6');
REM INSERTING into MDUDEK8.ZAMOWIENIA
SET DEFINE OFF;
Insert into MDUDEK8.ZAMOWIENIA (NR_ZAMOWIENIA,DATA_ZLOZENIA,DATA_WPLATY,DATA_PRZYJECIA_ZAMOWIENIA,NR_KLUBU,NR_KIBICA,NR_FAKTURY) values ('1',to_date('23/11/07','RR/MM/DD'),to_date('22/11/07','RR/MM/DD'),to_date('22/11/08','RR/MM/DD'),'1','4','1');
Insert into MDUDEK8.ZAMOWIENIA (NR_ZAMOWIENIA,DATA_ZLOZENIA,DATA_WPLATY,DATA_PRZYJECIA_ZAMOWIENIA,NR_KLUBU,NR_KIBICA,NR_FAKTURY) values ('22',to_date('24/08/02','RR/MM/DD'),to_date('24/08/02','RR/MM/DD'),to_date('24/08/02','RR/MM/DD'),'1','2','1');
--------------------------------------------------------
--  DDL for Index IX_FAKTURA_JEST_WYSTAWIANA
--------------------------------------------------------

  CREATE INDEX "MDUDEK8"."IX_FAKTURA_JEST_WYSTAWIANA" ON "MDUDEK8"."ZAMOWIENIA" ("NR_FAKTURY") 
  PCTFREE 10 INITRANS 2 MAXTRANS 255 COMPUTE STATISTICS 
  STORAGE(INITIAL 65536 NEXT 1048576 MINEXTENTS 1 MAXEXTENTS 2147483645
  PCTINCREASE 0 FREELISTS 1 FREELIST GROUPS 1
  BUFFER_POOL DEFAULT FLASH_CACHE DEFAULT CELL_FLASH_CACHE DEFAULT)
  TABLESPACE "USERS" ;
--------------------------------------------------------
--  DDL for Index IX_GENERUJE
--------------------------------------------------------

  CREATE INDEX "MDUDEK8"."IX_GENERUJE" ON "MDUDEK8"."BILETY" ("NR_MECZU") 
  PCTFREE 10 INITRANS 2 MAXTRANS 255 COMPUTE STATISTICS 
  STORAGE(INITIAL 65536 NEXT 1048576 MINEXTENTS 1 MAXEXTENTS 2147483645
  PCTINCREASE 0 FREELISTS 1 FREELIST GROUPS 1
  BUFFER_POOL DEFAULT FLASH_CACHE DEFAULT CELL_FLASH_CACHE DEFAULT)
  TABLESPACE "USERS" ;
--------------------------------------------------------
--  DDL for Index IX_KIBIC_MA_ADRES
--------------------------------------------------------

  CREATE INDEX "MDUDEK8"."IX_KIBIC_MA_ADRES" ON "MDUDEK8"."KIBICE" ("NR_ADRESU") 
  PCTFREE 10 INITRANS 2 MAXTRANS 255 COMPUTE STATISTICS 
  STORAGE(INITIAL 65536 NEXT 1048576 MINEXTENTS 1 MAXEXTENTS 2147483645
  PCTINCREASE 0 FREELISTS 1 FREELIST GROUPS 1
  BUFFER_POOL DEFAULT FLASH_CACHE DEFAULT CELL_FLASH_CACHE DEFAULT)
  TABLESPACE "USERS" ;
--------------------------------------------------------
--  DDL for Index IX_KUPUJE
--------------------------------------------------------

  CREATE INDEX "MDUDEK8"."IX_KUPUJE" ON "MDUDEK8"."BILETY" ("NR_KIBICA") 
  PCTFREE 10 INITRANS 2 MAXTRANS 255 COMPUTE STATISTICS 
  STORAGE(INITIAL 65536 NEXT 1048576 MINEXTENTS 1 MAXEXTENTS 2147483645
  PCTINCREASE 0 FREELISTS 1 FREELIST GROUPS 1
  BUFFER_POOL DEFAULT FLASH_CACHE DEFAULT CELL_FLASH_CACHE DEFAULT)
  TABLESPACE "USERS" ;
--------------------------------------------------------
--  DDL for Index IX_MA
--------------------------------------------------------

  CREATE INDEX "MDUDEK8"."IX_MA" ON "MDUDEK8"."STADIONY" ("NR_KLUBU") 
  PCTFREE 10 INITRANS 2 MAXTRANS 255 COMPUTE STATISTICS 
  STORAGE(INITIAL 65536 NEXT 1048576 MINEXTENTS 1 MAXEXTENTS 2147483645
  PCTINCREASE 0 FREELISTS 1 FREELIST GROUPS 1
  BUFFER_POOL DEFAULT FLASH_CACHE DEFAULT CELL_FLASH_CACHE DEFAULT)
  TABLESPACE "USERS" ;
--------------------------------------------------------
--  DDL for Index IX_OFERUJE
--------------------------------------------------------

  CREATE INDEX "MDUDEK8"."IX_OFERUJE" ON "MDUDEK8"."PRODUKTY" ("NR_KLUBU") 
  PCTFREE 10 INITRANS 2 MAXTRANS 255 COMPUTE STATISTICS 
  STORAGE(INITIAL 65536 NEXT 1048576 MINEXTENTS 1 MAXEXTENTS 2147483645
  PCTINCREASE 0 FREELISTS 1 FREELIST GROUPS 1
  BUFFER_POOL DEFAULT FLASH_CACHE DEFAULT CELL_FLASH_CACHE DEFAULT)
  TABLESPACE "USERS" ;
--------------------------------------------------------
--  DDL for Index IX_ORGANIZUJE
--------------------------------------------------------

  CREATE INDEX "MDUDEK8"."IX_ORGANIZUJE" ON "MDUDEK8"."MECZE" ("NR_KLUBU") 
  PCTFREE 10 INITRANS 2 MAXTRANS 255 COMPUTE STATISTICS 
  STORAGE(INITIAL 65536 NEXT 1048576 MINEXTENTS 1 MAXEXTENTS 2147483645
  PCTINCREASE 0 FREELISTS 1 FREELIST GROUPS 1
  BUFFER_POOL DEFAULT FLASH_CACHE DEFAULT CELL_FLASH_CACHE DEFAULT)
  TABLESPACE "USERS" ;
--------------------------------------------------------
--  DDL for Index IX_POCZTA_MA_ADRES
--------------------------------------------------------

  CREATE INDEX "MDUDEK8"."IX_POCZTA_MA_ADRES" ON "MDUDEK8"."ADRESY" ("NR_POCZTY") 
  PCTFREE 10 INITRANS 2 MAXTRANS 255 COMPUTE STATISTICS 
  STORAGE(INITIAL 65536 NEXT 1048576 MINEXTENTS 1 MAXEXTENTS 2147483645
  PCTINCREASE 0 FREELISTS 1 FREELIST GROUPS 1
  BUFFER_POOL DEFAULT FLASH_CACHE DEFAULT CELL_FLASH_CACHE DEFAULT)
  TABLESPACE "USERS" ;
--------------------------------------------------------
--  DDL for Index IX_POSIADA
--------------------------------------------------------

  CREATE INDEX "MDUDEK8"."IX_POSIADA" ON "MDUDEK8"."KIBICE" ("NR_KLUBU") 
  PCTFREE 10 INITRANS 2 MAXTRANS 255 COMPUTE STATISTICS 
  STORAGE(INITIAL 65536 NEXT 1048576 MINEXTENTS 1 MAXEXTENTS 2147483645
  PCTINCREASE 0 FREELISTS 1 FREELIST GROUPS 1
  BUFFER_POOL DEFAULT FLASH_CACHE DEFAULT CELL_FLASH_CACHE DEFAULT)
  TABLESPACE "USERS" ;
--------------------------------------------------------
--  DDL for Index IX_PRACOWNICY_OTRZYMUJA_WYNAGRODZENIE
--------------------------------------------------------

  CREATE INDEX "MDUDEK8"."IX_PRACOWNICY_OTRZYMUJA_WYNAGRODZENIE" ON "MDUDEK8"."WYNAGRODZENIA" ("NR_PRACOWNIKA") 
  PCTFREE 10 INITRANS 2 MAXTRANS 255 COMPUTE STATISTICS 
  STORAGE(INITIAL 65536 NEXT 1048576 MINEXTENTS 1 MAXEXTENTS 2147483645
  PCTINCREASE 0 FREELISTS 1 FREELIST GROUPS 1
  BUFFER_POOL DEFAULT FLASH_CACHE DEFAULT CELL_FLASH_CACHE DEFAULT)
  TABLESPACE "USERS" ;
--------------------------------------------------------
--  DDL for Index IX_PRACOWNIK_MA_ADRES
--------------------------------------------------------

  CREATE INDEX "MDUDEK8"."IX_PRACOWNIK_MA_ADRES" ON "MDUDEK8"."PRACOWNICY" ("NR_ADRESU") 
  PCTFREE 10 INITRANS 2 MAXTRANS 255 COMPUTE STATISTICS 
  STORAGE(INITIAL 65536 NEXT 1048576 MINEXTENTS 1 MAXEXTENTS 2147483645
  PCTINCREASE 0 FREELISTS 1 FREELIST GROUPS 1
  BUFFER_POOL DEFAULT FLASH_CACHE DEFAULT CELL_FLASH_CACHE DEFAULT)
  TABLESPACE "USERS" ;
--------------------------------------------------------
--  DDL for Index IX_PRACOWNIK_OBSADZA_STANOWSIKO
--------------------------------------------------------

  CREATE INDEX "MDUDEK8"."IX_PRACOWNIK_OBSADZA_STANOWSIKO" ON "MDUDEK8"."PRACOWNICY" ("NR_STANOWISKA") 
  PCTFREE 10 INITRANS 2 MAXTRANS 255 COMPUTE STATISTICS 
  STORAGE(INITIAL 65536 NEXT 1048576 MINEXTENTS 1 MAXEXTENTS 2147483645
  PCTINCREASE 0 FREELISTS 1 FREELIST GROUPS 1
  BUFFER_POOL DEFAULT FLASH_CACHE DEFAULT CELL_FLASH_CACHE DEFAULT)
  TABLESPACE "USERS" ;
--------------------------------------------------------
--  DDL for Index IX_PRACUJA
--------------------------------------------------------

  CREATE INDEX "MDUDEK8"."IX_PRACUJA" ON "MDUDEK8"."PRACOWNICY" ("NR_STADIONU") 
  PCTFREE 10 INITRANS 2 MAXTRANS 255 COMPUTE STATISTICS 
  STORAGE(INITIAL 65536 NEXT 1048576 MINEXTENTS 1 MAXEXTENTS 2147483645
  PCTINCREASE 0 FREELISTS 1 FREELIST GROUPS 1
  BUFFER_POOL DEFAULT FLASH_CACHE DEFAULT CELL_FLASH_CACHE DEFAULT)
  TABLESPACE "USERS" ;
--------------------------------------------------------
--  DDL for Index IX_PRODUCENT_MA_ADRES
--------------------------------------------------------

  CREATE INDEX "MDUDEK8"."IX_PRODUCENT_MA_ADRES" ON "MDUDEK8"."PRODUCENCI" ("NR_ADRESU") 
  PCTFREE 10 INITRANS 2 MAXTRANS 255 COMPUTE STATISTICS 
  STORAGE(INITIAL 65536 NEXT 1048576 MINEXTENTS 1 MAXEXTENTS 2147483645
  PCTINCREASE 0 FREELISTS 1 FREELIST GROUPS 1
  BUFFER_POOL DEFAULT FLASH_CACHE DEFAULT CELL_FLASH_CACHE DEFAULT)
  TABLESPACE "USERS" ;
--------------------------------------------------------
--  DDL for Index IX_PRODUCENT_PRODUKUJE
--------------------------------------------------------

  CREATE INDEX "MDUDEK8"."IX_PRODUCENT_PRODUKUJE" ON "MDUDEK8"."PRODUKTY" ("NR_PRODUCENTA") 
  PCTFREE 10 INITRANS 2 MAXTRANS 255 COMPUTE STATISTICS 
  STORAGE(INITIAL 65536 NEXT 1048576 MINEXTENTS 1 MAXEXTENTS 2147483645
  PCTINCREASE 0 FREELISTS 1 FREELIST GROUPS 1
  BUFFER_POOL DEFAULT FLASH_CACHE DEFAULT CELL_FLASH_CACHE DEFAULT)
  TABLESPACE "USERS" ;
--------------------------------------------------------
--  DDL for Index IX_REALIZUJE
--------------------------------------------------------

  CREATE INDEX "MDUDEK8"."IX_REALIZUJE" ON "MDUDEK8"."ZAMOWIENIA" ("NR_KLUBU") 
  PCTFREE 10 INITRANS 2 MAXTRANS 255 COMPUTE STATISTICS 
  STORAGE(INITIAL 65536 NEXT 1048576 MINEXTENTS 1 MAXEXTENTS 2147483645
  PCTINCREASE 0 FREELISTS 1 FREELIST GROUPS 1
  BUFFER_POOL DEFAULT FLASH_CACHE DEFAULT CELL_FLASH_CACHE DEFAULT)
  TABLESPACE "USERS" ;
--------------------------------------------------------
--  DDL for Index IX_RELATIONSHIP8
--------------------------------------------------------

  CREATE INDEX "MDUDEK8"."IX_RELATIONSHIP8" ON "MDUDEK8"."KLUB_PILKARSKI" ("NR_ADRESU") 
  PCTFREE 10 INITRANS 2 MAXTRANS 255 COMPUTE STATISTICS 
  STORAGE(INITIAL 65536 NEXT 1048576 MINEXTENTS 1 MAXEXTENTS 2147483645
  PCTINCREASE 0 FREELISTS 1 FREELIST GROUPS 1
  BUFFER_POOL DEFAULT FLASH_CACHE DEFAULT CELL_FLASH_CACHE DEFAULT)
  TABLESPACE "USERS" ;
--------------------------------------------------------
--  DDL for Index IX_SPRZEDAJE
--------------------------------------------------------

  CREATE INDEX "MDUDEK8"."IX_SPRZEDAJE" ON "MDUDEK8"."BILETY" ("NR_KLUBU") 
  PCTFREE 10 INITRANS 2 MAXTRANS 255 COMPUTE STATISTICS 
  STORAGE(INITIAL 65536 NEXT 1048576 MINEXTENTS 1 MAXEXTENTS 2147483645
  PCTINCREASE 0 FREELISTS 1 FREELIST GROUPS 1
  BUFFER_POOL DEFAULT FLASH_CACHE DEFAULT CELL_FLASH_CACHE DEFAULT)
  TABLESPACE "USERS" ;
--------------------------------------------------------
--  DDL for Index IX_STADION_MA_ADRES
--------------------------------------------------------

  CREATE INDEX "MDUDEK8"."IX_STADION_MA_ADRES" ON "MDUDEK8"."STADIONY" ("NR_ADRESU") 
  PCTFREE 10 INITRANS 2 MAXTRANS 255 COMPUTE STATISTICS 
  STORAGE(INITIAL 65536 NEXT 1048576 MINEXTENTS 1 MAXEXTENTS 2147483645
  PCTINCREASE 0 FREELISTS 1 FREELIST GROUPS 1
  BUFFER_POOL DEFAULT FLASH_CACHE DEFAULT CELL_FLASH_CACHE DEFAULT)
  TABLESPACE "USERS" ;
--------------------------------------------------------
--  DDL for Index IX_UMOZLIWIA_ROZGRYWANIE
--------------------------------------------------------

  CREATE INDEX "MDUDEK8"."IX_UMOZLIWIA_ROZGRYWANIE" ON "MDUDEK8"."MECZE" ("NR_STADIONU") 
  PCTFREE 10 INITRANS 2 MAXTRANS 255 COMPUTE STATISTICS 
  STORAGE(INITIAL 65536 NEXT 1048576 MINEXTENTS 1 MAXEXTENTS 2147483645
  PCTINCREASE 0 FREELISTS 1 FREELIST GROUPS 1
  BUFFER_POOL DEFAULT FLASH_CACHE DEFAULT CELL_FLASH_CACHE DEFAULT)
  TABLESPACE "USERS" ;
--------------------------------------------------------
--  DDL for Index IX_ZAMAWIA
--------------------------------------------------------

  CREATE INDEX "MDUDEK8"."IX_ZAMAWIA" ON "MDUDEK8"."ZAMOWIENIA" ("NR_KIBICA") 
  PCTFREE 10 INITRANS 2 MAXTRANS 255 COMPUTE STATISTICS 
  STORAGE(INITIAL 65536 NEXT 1048576 MINEXTENTS 1 MAXEXTENTS 2147483645
  PCTINCREASE 0 FREELISTS 1 FREELIST GROUPS 1
  BUFFER_POOL DEFAULT FLASH_CACHE DEFAULT CELL_FLASH_CACHE DEFAULT)
  TABLESPACE "USERS" ;
--------------------------------------------------------
--  DDL for Index IX_ZATRUDNIA
--------------------------------------------------------

  CREATE INDEX "MDUDEK8"."IX_ZATRUDNIA" ON "MDUDEK8"."PRACOWNICY" ("NR_KLUBU") 
  PCTFREE 10 INITRANS 2 MAXTRANS 255 COMPUTE STATISTICS 
  STORAGE(INITIAL 65536 NEXT 1048576 MINEXTENTS 1 MAXEXTENTS 2147483645
  PCTINCREASE 0 FREELISTS 1 FREELIST GROUPS 1
  BUFFER_POOL DEFAULT FLASH_CACHE DEFAULT CELL_FLASH_CACHE DEFAULT)
  TABLESPACE "USERS" ;
--------------------------------------------------------
--  DDL for Index PK_ADRESY
--------------------------------------------------------

  CREATE UNIQUE INDEX "MDUDEK8"."PK_ADRESY" ON "MDUDEK8"."ADRESY" ("NR_ADRESU") 
  PCTFREE 10 INITRANS 2 MAXTRANS 255 COMPUTE STATISTICS 
  STORAGE(INITIAL 65536 NEXT 1048576 MINEXTENTS 1 MAXEXTENTS 2147483645
  PCTINCREASE 0 FREELISTS 1 FREELIST GROUPS 1
  BUFFER_POOL DEFAULT FLASH_CACHE DEFAULT CELL_FLASH_CACHE DEFAULT)
  TABLESPACE "USERS" ;
--------------------------------------------------------
--  DDL for Index PK_FAKTURY
--------------------------------------------------------

  CREATE UNIQUE INDEX "MDUDEK8"."PK_FAKTURY" ON "MDUDEK8"."FAKTURY" ("NR_FAKTURY") 
  PCTFREE 10 INITRANS 2 MAXTRANS 255 COMPUTE STATISTICS 
  STORAGE(INITIAL 65536 NEXT 1048576 MINEXTENTS 1 MAXEXTENTS 2147483645
  PCTINCREASE 0 FREELISTS 1 FREELIST GROUPS 1
  BUFFER_POOL DEFAULT FLASH_CACHE DEFAULT CELL_FLASH_CACHE DEFAULT)
  TABLESPACE "USERS" ;
--------------------------------------------------------
--  DDL for Index PK_POCZTY
--------------------------------------------------------

  CREATE UNIQUE INDEX "MDUDEK8"."PK_POCZTY" ON "MDUDEK8"."POCZTY" ("NR_POCZTY") 
  PCTFREE 10 INITRANS 2 MAXTRANS 255 COMPUTE STATISTICS 
  STORAGE(INITIAL 65536 NEXT 1048576 MINEXTENTS 1 MAXEXTENTS 2147483645
  PCTINCREASE 0 FREELISTS 1 FREELIST GROUPS 1
  BUFFER_POOL DEFAULT FLASH_CACHE DEFAULT CELL_FLASH_CACHE DEFAULT)
  TABLESPACE "USERS" ;
--------------------------------------------------------
--  DDL for Index PK_PRODUCENCI
--------------------------------------------------------

  CREATE UNIQUE INDEX "MDUDEK8"."PK_PRODUCENCI" ON "MDUDEK8"."PRODUCENCI" ("NR_PRODUCENTA") 
  PCTFREE 10 INITRANS 2 MAXTRANS 255 COMPUTE STATISTICS 
  STORAGE(INITIAL 65536 NEXT 1048576 MINEXTENTS 1 MAXEXTENTS 2147483645
  PCTINCREASE 0 FREELISTS 1 FREELIST GROUPS 1
  BUFFER_POOL DEFAULT FLASH_CACHE DEFAULT CELL_FLASH_CACHE DEFAULT)
  TABLESPACE "USERS" ;
--------------------------------------------------------
--  DDL for Index PK_STANOWISKA
--------------------------------------------------------

  CREATE UNIQUE INDEX "MDUDEK8"."PK_STANOWISKA" ON "MDUDEK8"."STANOWISKA" ("NR_STANOWISKA") 
  PCTFREE 10 INITRANS 2 MAXTRANS 255 COMPUTE STATISTICS 
  STORAGE(INITIAL 65536 NEXT 1048576 MINEXTENTS 1 MAXEXTENTS 2147483645
  PCTINCREASE 0 FREELISTS 1 FREELIST GROUPS 1
  BUFFER_POOL DEFAULT FLASH_CACHE DEFAULT CELL_FLASH_CACHE DEFAULT)
  TABLESPACE "USERS" ;
--------------------------------------------------------
--  DDL for Index PK_WYNAGRODZENIA
--------------------------------------------------------

  CREATE UNIQUE INDEX "MDUDEK8"."PK_WYNAGRODZENIA" ON "MDUDEK8"."WYNAGRODZENIA" ("NR_WYNAGRODZENIA") 
  PCTFREE 10 INITRANS 2 MAXTRANS 255 COMPUTE STATISTICS 
  STORAGE(INITIAL 65536 NEXT 1048576 MINEXTENTS 1 MAXEXTENTS 2147483645
  PCTINCREASE 0 FREELISTS 1 FREELIST GROUPS 1
  BUFFER_POOL DEFAULT FLASH_CACHE DEFAULT CELL_FLASH_CACHE DEFAULT)
  TABLESPACE "USERS" ;
--------------------------------------------------------
--  DDL for Index UNIQUE_IDENTIFIER1
--------------------------------------------------------

  CREATE UNIQUE INDEX "MDUDEK8"."UNIQUE_IDENTIFIER1" ON "MDUDEK8"."PRACOWNICY" ("NR_PRACOWNIKA") 
  PCTFREE 10 INITRANS 2 MAXTRANS 255 COMPUTE STATISTICS 
  STORAGE(INITIAL 65536 NEXT 1048576 MINEXTENTS 1 MAXEXTENTS 2147483645
  PCTINCREASE 0 FREELISTS 1 FREELIST GROUPS 1
  BUFFER_POOL DEFAULT FLASH_CACHE DEFAULT CELL_FLASH_CACHE DEFAULT)
  TABLESPACE "USERS" ;
--------------------------------------------------------
--  DDL for Index UNIQUE_IDENTIFIER10
--------------------------------------------------------

  CREATE UNIQUE INDEX "MDUDEK8"."UNIQUE_IDENTIFIER10" ON "MDUDEK8"."STADIONY" ("NR_STADIONU") 
  PCTFREE 10 INITRANS 2 MAXTRANS 255 COMPUTE STATISTICS 
  STORAGE(INITIAL 65536 NEXT 1048576 MINEXTENTS 1 MAXEXTENTS 2147483645
  PCTINCREASE 0 FREELISTS 1 FREELIST GROUPS 1
  BUFFER_POOL DEFAULT FLASH_CACHE DEFAULT CELL_FLASH_CACHE DEFAULT)
  TABLESPACE "USERS" ;
--------------------------------------------------------
--  DDL for Index UNIQUE_IDENTIFIER11
--------------------------------------------------------

  CREATE UNIQUE INDEX "MDUDEK8"."UNIQUE_IDENTIFIER11" ON "MDUDEK8"."MECZE" ("NR_MECZU") 
  PCTFREE 10 INITRANS 2 MAXTRANS 255 COMPUTE STATISTICS 
  STORAGE(INITIAL 65536 NEXT 1048576 MINEXTENTS 1 MAXEXTENTS 2147483645
  PCTINCREASE 0 FREELISTS 1 FREELIST GROUPS 1
  BUFFER_POOL DEFAULT FLASH_CACHE DEFAULT CELL_FLASH_CACHE DEFAULT)
  TABLESPACE "USERS" ;
--------------------------------------------------------
--  DDL for Index UNIQUE_IDENTIFIER2
--------------------------------------------------------

  CREATE UNIQUE INDEX "MDUDEK8"."UNIQUE_IDENTIFIER2" ON "MDUDEK8"."KLUB_PILKARSKI" ("NR_KLUBU") 
  PCTFREE 10 INITRANS 2 MAXTRANS 255 COMPUTE STATISTICS 
  STORAGE(INITIAL 65536 NEXT 1048576 MINEXTENTS 1 MAXEXTENTS 2147483645
  PCTINCREASE 0 FREELISTS 1 FREELIST GROUPS 1
  BUFFER_POOL DEFAULT FLASH_CACHE DEFAULT CELL_FLASH_CACHE DEFAULT)
  TABLESPACE "USERS" ;
--------------------------------------------------------
--  DDL for Index UNIQUE_IDENTIFIER3
--------------------------------------------------------

  CREATE UNIQUE INDEX "MDUDEK8"."UNIQUE_IDENTIFIER3" ON "MDUDEK8"."KIBICE" ("NR_KIBICA") 
  PCTFREE 10 INITRANS 2 MAXTRANS 255 COMPUTE STATISTICS 
  STORAGE(INITIAL 65536 NEXT 1048576 MINEXTENTS 1 MAXEXTENTS 2147483645
  PCTINCREASE 0 FREELISTS 1 FREELIST GROUPS 1
  BUFFER_POOL DEFAULT FLASH_CACHE DEFAULT CELL_FLASH_CACHE DEFAULT)
  TABLESPACE "USERS" ;
--------------------------------------------------------
--  DDL for Index UNIQUE_IDENTIFIER5
--------------------------------------------------------

  CREATE UNIQUE INDEX "MDUDEK8"."UNIQUE_IDENTIFIER5" ON "MDUDEK8"."PRODUKTY" ("NR_PRODUKTU") 
  PCTFREE 10 INITRANS 2 MAXTRANS 255 COMPUTE STATISTICS 
  STORAGE(INITIAL 65536 NEXT 1048576 MINEXTENTS 1 MAXEXTENTS 2147483645
  PCTINCREASE 0 FREELISTS 1 FREELIST GROUPS 1
  BUFFER_POOL DEFAULT FLASH_CACHE DEFAULT CELL_FLASH_CACHE DEFAULT)
  TABLESPACE "USERS" ;
--------------------------------------------------------
--  DDL for Index UNIQUE_IDENTIFIER6
--------------------------------------------------------

  CREATE UNIQUE INDEX "MDUDEK8"."UNIQUE_IDENTIFIER6" ON "MDUDEK8"."ZAMOWIENIA" ("NR_ZAMOWIENIA") 
  PCTFREE 10 INITRANS 2 MAXTRANS 255 COMPUTE STATISTICS 
  STORAGE(INITIAL 65536 NEXT 1048576 MINEXTENTS 1 MAXEXTENTS 2147483645
  PCTINCREASE 0 FREELISTS 1 FREELIST GROUPS 1
  BUFFER_POOL DEFAULT FLASH_CACHE DEFAULT CELL_FLASH_CACHE DEFAULT)
  TABLESPACE "USERS" ;
--------------------------------------------------------
--  DDL for Index UNIQUE_IDENTIFIER9
--------------------------------------------------------

  CREATE UNIQUE INDEX "MDUDEK8"."UNIQUE_IDENTIFIER9" ON "MDUDEK8"."BILETY" ("NR_BILETU") 
  PCTFREE 10 INITRANS 2 MAXTRANS 255 COMPUTE STATISTICS 
  STORAGE(INITIAL 65536 NEXT 1048576 MINEXTENTS 1 MAXEXTENTS 2147483645
  PCTINCREASE 0 FREELISTS 1 FREELIST GROUPS 1
  BUFFER_POOL DEFAULT FLASH_CACHE DEFAULT CELL_FLASH_CACHE DEFAULT)
  TABLESPACE "USERS" ;
--------------------------------------------------------
--  DDL for Index IX_POCZTA_MA_ADRES
--------------------------------------------------------

  CREATE INDEX "MDUDEK8"."IX_POCZTA_MA_ADRES" ON "MDUDEK8"."ADRESY" ("NR_POCZTY") 
  PCTFREE 10 INITRANS 2 MAXTRANS 255 COMPUTE STATISTICS 
  STORAGE(INITIAL 65536 NEXT 1048576 MINEXTENTS 1 MAXEXTENTS 2147483645
  PCTINCREASE 0 FREELISTS 1 FREELIST GROUPS 1
  BUFFER_POOL DEFAULT FLASH_CACHE DEFAULT CELL_FLASH_CACHE DEFAULT)
  TABLESPACE "USERS" ;
--------------------------------------------------------
--  DDL for Index PK_ADRESY
--------------------------------------------------------

  CREATE UNIQUE INDEX "MDUDEK8"."PK_ADRESY" ON "MDUDEK8"."ADRESY" ("NR_ADRESU") 
  PCTFREE 10 INITRANS 2 MAXTRANS 255 COMPUTE STATISTICS 
  STORAGE(INITIAL 65536 NEXT 1048576 MINEXTENTS 1 MAXEXTENTS 2147483645
  PCTINCREASE 0 FREELISTS 1 FREELIST GROUPS 1
  BUFFER_POOL DEFAULT FLASH_CACHE DEFAULT CELL_FLASH_CACHE DEFAULT)
  TABLESPACE "USERS" ;
--------------------------------------------------------
--  DDL for Index IX_SPRZEDAJE
--------------------------------------------------------

  CREATE INDEX "MDUDEK8"."IX_SPRZEDAJE" ON "MDUDEK8"."BILETY" ("NR_KLUBU") 
  PCTFREE 10 INITRANS 2 MAXTRANS 255 COMPUTE STATISTICS 
  STORAGE(INITIAL 65536 NEXT 1048576 MINEXTENTS 1 MAXEXTENTS 2147483645
  PCTINCREASE 0 FREELISTS 1 FREELIST GROUPS 1
  BUFFER_POOL DEFAULT FLASH_CACHE DEFAULT CELL_FLASH_CACHE DEFAULT)
  TABLESPACE "USERS" ;
--------------------------------------------------------
--  DDL for Index IX_KUPUJE
--------------------------------------------------------

  CREATE INDEX "MDUDEK8"."IX_KUPUJE" ON "MDUDEK8"."BILETY" ("NR_KIBICA") 
  PCTFREE 10 INITRANS 2 MAXTRANS 255 COMPUTE STATISTICS 
  STORAGE(INITIAL 65536 NEXT 1048576 MINEXTENTS 1 MAXEXTENTS 2147483645
  PCTINCREASE 0 FREELISTS 1 FREELIST GROUPS 1
  BUFFER_POOL DEFAULT FLASH_CACHE DEFAULT CELL_FLASH_CACHE DEFAULT)
  TABLESPACE "USERS" ;
--------------------------------------------------------
--  DDL for Index IX_GENERUJE
--------------------------------------------------------

  CREATE INDEX "MDUDEK8"."IX_GENERUJE" ON "MDUDEK8"."BILETY" ("NR_MECZU") 
  PCTFREE 10 INITRANS 2 MAXTRANS 255 COMPUTE STATISTICS 
  STORAGE(INITIAL 65536 NEXT 1048576 MINEXTENTS 1 MAXEXTENTS 2147483645
  PCTINCREASE 0 FREELISTS 1 FREELIST GROUPS 1
  BUFFER_POOL DEFAULT FLASH_CACHE DEFAULT CELL_FLASH_CACHE DEFAULT)
  TABLESPACE "USERS" ;
--------------------------------------------------------
--  DDL for Index UNIQUE_IDENTIFIER9
--------------------------------------------------------

  CREATE UNIQUE INDEX "MDUDEK8"."UNIQUE_IDENTIFIER9" ON "MDUDEK8"."BILETY" ("NR_BILETU") 
  PCTFREE 10 INITRANS 2 MAXTRANS 255 COMPUTE STATISTICS 
  STORAGE(INITIAL 65536 NEXT 1048576 MINEXTENTS 1 MAXEXTENTS 2147483645
  PCTINCREASE 0 FREELISTS 1 FREELIST GROUPS 1
  BUFFER_POOL DEFAULT FLASH_CACHE DEFAULT CELL_FLASH_CACHE DEFAULT)
  TABLESPACE "USERS" ;
--------------------------------------------------------
--  DDL for Index PK_FAKTURY
--------------------------------------------------------

  CREATE UNIQUE INDEX "MDUDEK8"."PK_FAKTURY" ON "MDUDEK8"."FAKTURY" ("NR_FAKTURY") 
  PCTFREE 10 INITRANS 2 MAXTRANS 255 COMPUTE STATISTICS 
  STORAGE(INITIAL 65536 NEXT 1048576 MINEXTENTS 1 MAXEXTENTS 2147483645
  PCTINCREASE 0 FREELISTS 1 FREELIST GROUPS 1
  BUFFER_POOL DEFAULT FLASH_CACHE DEFAULT CELL_FLASH_CACHE DEFAULT)
  TABLESPACE "USERS" ;
--------------------------------------------------------
--  DDL for Index IX_POSIADA
--------------------------------------------------------

  CREATE INDEX "MDUDEK8"."IX_POSIADA" ON "MDUDEK8"."KIBICE" ("NR_KLUBU") 
  PCTFREE 10 INITRANS 2 MAXTRANS 255 COMPUTE STATISTICS 
  STORAGE(INITIAL 65536 NEXT 1048576 MINEXTENTS 1 MAXEXTENTS 2147483645
  PCTINCREASE 0 FREELISTS 1 FREELIST GROUPS 1
  BUFFER_POOL DEFAULT FLASH_CACHE DEFAULT CELL_FLASH_CACHE DEFAULT)
  TABLESPACE "USERS" ;
--------------------------------------------------------
--  DDL for Index IX_KIBIC_MA_ADRES
--------------------------------------------------------

  CREATE INDEX "MDUDEK8"."IX_KIBIC_MA_ADRES" ON "MDUDEK8"."KIBICE" ("NR_ADRESU") 
  PCTFREE 10 INITRANS 2 MAXTRANS 255 COMPUTE STATISTICS 
  STORAGE(INITIAL 65536 NEXT 1048576 MINEXTENTS 1 MAXEXTENTS 2147483645
  PCTINCREASE 0 FREELISTS 1 FREELIST GROUPS 1
  BUFFER_POOL DEFAULT FLASH_CACHE DEFAULT CELL_FLASH_CACHE DEFAULT)
  TABLESPACE "USERS" ;
--------------------------------------------------------
--  DDL for Index UNIQUE_IDENTIFIER3
--------------------------------------------------------

  CREATE UNIQUE INDEX "MDUDEK8"."UNIQUE_IDENTIFIER3" ON "MDUDEK8"."KIBICE" ("NR_KIBICA") 
  PCTFREE 10 INITRANS 2 MAXTRANS 255 COMPUTE STATISTICS 
  STORAGE(INITIAL 65536 NEXT 1048576 MINEXTENTS 1 MAXEXTENTS 2147483645
  PCTINCREASE 0 FREELISTS 1 FREELIST GROUPS 1
  BUFFER_POOL DEFAULT FLASH_CACHE DEFAULT CELL_FLASH_CACHE DEFAULT)
  TABLESPACE "USERS" ;
--------------------------------------------------------
--  DDL for Index IX_RELATIONSHIP8
--------------------------------------------------------

  CREATE INDEX "MDUDEK8"."IX_RELATIONSHIP8" ON "MDUDEK8"."KLUB_PILKARSKI" ("NR_ADRESU") 
  PCTFREE 10 INITRANS 2 MAXTRANS 255 COMPUTE STATISTICS 
  STORAGE(INITIAL 65536 NEXT 1048576 MINEXTENTS 1 MAXEXTENTS 2147483645
  PCTINCREASE 0 FREELISTS 1 FREELIST GROUPS 1
  BUFFER_POOL DEFAULT FLASH_CACHE DEFAULT CELL_FLASH_CACHE DEFAULT)
  TABLESPACE "USERS" ;
--------------------------------------------------------
--  DDL for Index UNIQUE_IDENTIFIER2
--------------------------------------------------------

  CREATE UNIQUE INDEX "MDUDEK8"."UNIQUE_IDENTIFIER2" ON "MDUDEK8"."KLUB_PILKARSKI" ("NR_KLUBU") 
  PCTFREE 10 INITRANS 2 MAXTRANS 255 COMPUTE STATISTICS 
  STORAGE(INITIAL 65536 NEXT 1048576 MINEXTENTS 1 MAXEXTENTS 2147483645
  PCTINCREASE 0 FREELISTS 1 FREELIST GROUPS 1
  BUFFER_POOL DEFAULT FLASH_CACHE DEFAULT CELL_FLASH_CACHE DEFAULT)
  TABLESPACE "USERS" ;
--------------------------------------------------------
--  DDL for Index IX_ORGANIZUJE
--------------------------------------------------------

  CREATE INDEX "MDUDEK8"."IX_ORGANIZUJE" ON "MDUDEK8"."MECZE" ("NR_KLUBU") 
  PCTFREE 10 INITRANS 2 MAXTRANS 255 COMPUTE STATISTICS 
  STORAGE(INITIAL 65536 NEXT 1048576 MINEXTENTS 1 MAXEXTENTS 2147483645
  PCTINCREASE 0 FREELISTS 1 FREELIST GROUPS 1
  BUFFER_POOL DEFAULT FLASH_CACHE DEFAULT CELL_FLASH_CACHE DEFAULT)
  TABLESPACE "USERS" ;
--------------------------------------------------------
--  DDL for Index IX_UMOZLIWIA_ROZGRYWANIE
--------------------------------------------------------

  CREATE INDEX "MDUDEK8"."IX_UMOZLIWIA_ROZGRYWANIE" ON "MDUDEK8"."MECZE" ("NR_STADIONU") 
  PCTFREE 10 INITRANS 2 MAXTRANS 255 COMPUTE STATISTICS 
  STORAGE(INITIAL 65536 NEXT 1048576 MINEXTENTS 1 MAXEXTENTS 2147483645
  PCTINCREASE 0 FREELISTS 1 FREELIST GROUPS 1
  BUFFER_POOL DEFAULT FLASH_CACHE DEFAULT CELL_FLASH_CACHE DEFAULT)
  TABLESPACE "USERS" ;
--------------------------------------------------------
--  DDL for Index UNIQUE_IDENTIFIER11
--------------------------------------------------------

  CREATE UNIQUE INDEX "MDUDEK8"."UNIQUE_IDENTIFIER11" ON "MDUDEK8"."MECZE" ("NR_MECZU") 
  PCTFREE 10 INITRANS 2 MAXTRANS 255 COMPUTE STATISTICS 
  STORAGE(INITIAL 65536 NEXT 1048576 MINEXTENTS 1 MAXEXTENTS 2147483645
  PCTINCREASE 0 FREELISTS 1 FREELIST GROUPS 1
  BUFFER_POOL DEFAULT FLASH_CACHE DEFAULT CELL_FLASH_CACHE DEFAULT)
  TABLESPACE "USERS" ;
--------------------------------------------------------
--  DDL for Index PK_POCZTY
--------------------------------------------------------

  CREATE UNIQUE INDEX "MDUDEK8"."PK_POCZTY" ON "MDUDEK8"."POCZTY" ("NR_POCZTY") 
  PCTFREE 10 INITRANS 2 MAXTRANS 255 COMPUTE STATISTICS 
  STORAGE(INITIAL 65536 NEXT 1048576 MINEXTENTS 1 MAXEXTENTS 2147483645
  PCTINCREASE 0 FREELISTS 1 FREELIST GROUPS 1
  BUFFER_POOL DEFAULT FLASH_CACHE DEFAULT CELL_FLASH_CACHE DEFAULT)
  TABLESPACE "USERS" ;
--------------------------------------------------------
--  DDL for Index IX_ZATRUDNIA
--------------------------------------------------------

  CREATE INDEX "MDUDEK8"."IX_ZATRUDNIA" ON "MDUDEK8"."PRACOWNICY" ("NR_KLUBU") 
  PCTFREE 10 INITRANS 2 MAXTRANS 255 COMPUTE STATISTICS 
  STORAGE(INITIAL 65536 NEXT 1048576 MINEXTENTS 1 MAXEXTENTS 2147483645
  PCTINCREASE 0 FREELISTS 1 FREELIST GROUPS 1
  BUFFER_POOL DEFAULT FLASH_CACHE DEFAULT CELL_FLASH_CACHE DEFAULT)
  TABLESPACE "USERS" ;
--------------------------------------------------------
--  DDL for Index IX_PRACUJA
--------------------------------------------------------

  CREATE INDEX "MDUDEK8"."IX_PRACUJA" ON "MDUDEK8"."PRACOWNICY" ("NR_STADIONU") 
  PCTFREE 10 INITRANS 2 MAXTRANS 255 COMPUTE STATISTICS 
  STORAGE(INITIAL 65536 NEXT 1048576 MINEXTENTS 1 MAXEXTENTS 2147483645
  PCTINCREASE 0 FREELISTS 1 FREELIST GROUPS 1
  BUFFER_POOL DEFAULT FLASH_CACHE DEFAULT CELL_FLASH_CACHE DEFAULT)
  TABLESPACE "USERS" ;
--------------------------------------------------------
--  DDL for Index IX_PRACOWNIK_OBSADZA_STANOWSIKO
--------------------------------------------------------

  CREATE INDEX "MDUDEK8"."IX_PRACOWNIK_OBSADZA_STANOWSIKO" ON "MDUDEK8"."PRACOWNICY" ("NR_STANOWISKA") 
  PCTFREE 10 INITRANS 2 MAXTRANS 255 COMPUTE STATISTICS 
  STORAGE(INITIAL 65536 NEXT 1048576 MINEXTENTS 1 MAXEXTENTS 2147483645
  PCTINCREASE 0 FREELISTS 1 FREELIST GROUPS 1
  BUFFER_POOL DEFAULT FLASH_CACHE DEFAULT CELL_FLASH_CACHE DEFAULT)
  TABLESPACE "USERS" ;
--------------------------------------------------------
--  DDL for Index IX_PRACOWNIK_MA_ADRES
--------------------------------------------------------

  CREATE INDEX "MDUDEK8"."IX_PRACOWNIK_MA_ADRES" ON "MDUDEK8"."PRACOWNICY" ("NR_ADRESU") 
  PCTFREE 10 INITRANS 2 MAXTRANS 255 COMPUTE STATISTICS 
  STORAGE(INITIAL 65536 NEXT 1048576 MINEXTENTS 1 MAXEXTENTS 2147483645
  PCTINCREASE 0 FREELISTS 1 FREELIST GROUPS 1
  BUFFER_POOL DEFAULT FLASH_CACHE DEFAULT CELL_FLASH_CACHE DEFAULT)
  TABLESPACE "USERS" ;
--------------------------------------------------------
--  DDL for Index UNIQUE_IDENTIFIER1
--------------------------------------------------------

  CREATE UNIQUE INDEX "MDUDEK8"."UNIQUE_IDENTIFIER1" ON "MDUDEK8"."PRACOWNICY" ("NR_PRACOWNIKA") 
  PCTFREE 10 INITRANS 2 MAXTRANS 255 COMPUTE STATISTICS 
  STORAGE(INITIAL 65536 NEXT 1048576 MINEXTENTS 1 MAXEXTENTS 2147483645
  PCTINCREASE 0 FREELISTS 1 FREELIST GROUPS 1
  BUFFER_POOL DEFAULT FLASH_CACHE DEFAULT CELL_FLASH_CACHE DEFAULT)
  TABLESPACE "USERS" ;
--------------------------------------------------------
--  DDL for Index IX_PRODUCENT_MA_ADRES
--------------------------------------------------------

  CREATE INDEX "MDUDEK8"."IX_PRODUCENT_MA_ADRES" ON "MDUDEK8"."PRODUCENCI" ("NR_ADRESU") 
  PCTFREE 10 INITRANS 2 MAXTRANS 255 COMPUTE STATISTICS 
  STORAGE(INITIAL 65536 NEXT 1048576 MINEXTENTS 1 MAXEXTENTS 2147483645
  PCTINCREASE 0 FREELISTS 1 FREELIST GROUPS 1
  BUFFER_POOL DEFAULT FLASH_CACHE DEFAULT CELL_FLASH_CACHE DEFAULT)
  TABLESPACE "USERS" ;
--------------------------------------------------------
--  DDL for Index PK_PRODUCENCI
--------------------------------------------------------

  CREATE UNIQUE INDEX "MDUDEK8"."PK_PRODUCENCI" ON "MDUDEK8"."PRODUCENCI" ("NR_PRODUCENTA") 
  PCTFREE 10 INITRANS 2 MAXTRANS 255 COMPUTE STATISTICS 
  STORAGE(INITIAL 65536 NEXT 1048576 MINEXTENTS 1 MAXEXTENTS 2147483645
  PCTINCREASE 0 FREELISTS 1 FREELIST GROUPS 1
  BUFFER_POOL DEFAULT FLASH_CACHE DEFAULT CELL_FLASH_CACHE DEFAULT)
  TABLESPACE "USERS" ;
--------------------------------------------------------
--  DDL for Index IX_OFERUJE
--------------------------------------------------------

  CREATE INDEX "MDUDEK8"."IX_OFERUJE" ON "MDUDEK8"."PRODUKTY" ("NR_KLUBU") 
  PCTFREE 10 INITRANS 2 MAXTRANS 255 COMPUTE STATISTICS 
  STORAGE(INITIAL 65536 NEXT 1048576 MINEXTENTS 1 MAXEXTENTS 2147483645
  PCTINCREASE 0 FREELISTS 1 FREELIST GROUPS 1
  BUFFER_POOL DEFAULT FLASH_CACHE DEFAULT CELL_FLASH_CACHE DEFAULT)
  TABLESPACE "USERS" ;
--------------------------------------------------------
--  DDL for Index IX_PRODUCENT_PRODUKUJE
--------------------------------------------------------

  CREATE INDEX "MDUDEK8"."IX_PRODUCENT_PRODUKUJE" ON "MDUDEK8"."PRODUKTY" ("NR_PRODUCENTA") 
  PCTFREE 10 INITRANS 2 MAXTRANS 255 COMPUTE STATISTICS 
  STORAGE(INITIAL 65536 NEXT 1048576 MINEXTENTS 1 MAXEXTENTS 2147483645
  PCTINCREASE 0 FREELISTS 1 FREELIST GROUPS 1
  BUFFER_POOL DEFAULT FLASH_CACHE DEFAULT CELL_FLASH_CACHE DEFAULT)
  TABLESPACE "USERS" ;
--------------------------------------------------------
--  DDL for Index UNIQUE_IDENTIFIER5
--------------------------------------------------------

  CREATE UNIQUE INDEX "MDUDEK8"."UNIQUE_IDENTIFIER5" ON "MDUDEK8"."PRODUKTY" ("NR_PRODUKTU") 
  PCTFREE 10 INITRANS 2 MAXTRANS 255 COMPUTE STATISTICS 
  STORAGE(INITIAL 65536 NEXT 1048576 MINEXTENTS 1 MAXEXTENTS 2147483645
  PCTINCREASE 0 FREELISTS 1 FREELIST GROUPS 1
  BUFFER_POOL DEFAULT FLASH_CACHE DEFAULT CELL_FLASH_CACHE DEFAULT)
  TABLESPACE "USERS" ;
--------------------------------------------------------
--  DDL for Index IX_MA
--------------------------------------------------------

  CREATE INDEX "MDUDEK8"."IX_MA" ON "MDUDEK8"."STADIONY" ("NR_KLUBU") 
  PCTFREE 10 INITRANS 2 MAXTRANS 255 COMPUTE STATISTICS 
  STORAGE(INITIAL 65536 NEXT 1048576 MINEXTENTS 1 MAXEXTENTS 2147483645
  PCTINCREASE 0 FREELISTS 1 FREELIST GROUPS 1
  BUFFER_POOL DEFAULT FLASH_CACHE DEFAULT CELL_FLASH_CACHE DEFAULT)
  TABLESPACE "USERS" ;
--------------------------------------------------------
--  DDL for Index IX_STADION_MA_ADRES
--------------------------------------------------------

  CREATE INDEX "MDUDEK8"."IX_STADION_MA_ADRES" ON "MDUDEK8"."STADIONY" ("NR_ADRESU") 
  PCTFREE 10 INITRANS 2 MAXTRANS 255 COMPUTE STATISTICS 
  STORAGE(INITIAL 65536 NEXT 1048576 MINEXTENTS 1 MAXEXTENTS 2147483645
  PCTINCREASE 0 FREELISTS 1 FREELIST GROUPS 1
  BUFFER_POOL DEFAULT FLASH_CACHE DEFAULT CELL_FLASH_CACHE DEFAULT)
  TABLESPACE "USERS" ;
--------------------------------------------------------
--  DDL for Index UNIQUE_IDENTIFIER10
--------------------------------------------------------

  CREATE UNIQUE INDEX "MDUDEK8"."UNIQUE_IDENTIFIER10" ON "MDUDEK8"."STADIONY" ("NR_STADIONU") 
  PCTFREE 10 INITRANS 2 MAXTRANS 255 COMPUTE STATISTICS 
  STORAGE(INITIAL 65536 NEXT 1048576 MINEXTENTS 1 MAXEXTENTS 2147483645
  PCTINCREASE 0 FREELISTS 1 FREELIST GROUPS 1
  BUFFER_POOL DEFAULT FLASH_CACHE DEFAULT CELL_FLASH_CACHE DEFAULT)
  TABLESPACE "USERS" ;
--------------------------------------------------------
--  DDL for Index PK_STANOWISKA
--------------------------------------------------------

  CREATE UNIQUE INDEX "MDUDEK8"."PK_STANOWISKA" ON "MDUDEK8"."STANOWISKA" ("NR_STANOWISKA") 
  PCTFREE 10 INITRANS 2 MAXTRANS 255 COMPUTE STATISTICS 
  STORAGE(INITIAL 65536 NEXT 1048576 MINEXTENTS 1 MAXEXTENTS 2147483645
  PCTINCREASE 0 FREELISTS 1 FREELIST GROUPS 1
  BUFFER_POOL DEFAULT FLASH_CACHE DEFAULT CELL_FLASH_CACHE DEFAULT)
  TABLESPACE "USERS" ;
--------------------------------------------------------
--  DDL for Index IX_PRACOWNICY_OTRZYMUJA_WYNAGRODZENIE
--------------------------------------------------------

  CREATE INDEX "MDUDEK8"."IX_PRACOWNICY_OTRZYMUJA_WYNAGRODZENIE" ON "MDUDEK8"."WYNAGRODZENIA" ("NR_PRACOWNIKA") 
  PCTFREE 10 INITRANS 2 MAXTRANS 255 COMPUTE STATISTICS 
  STORAGE(INITIAL 65536 NEXT 1048576 MINEXTENTS 1 MAXEXTENTS 2147483645
  PCTINCREASE 0 FREELISTS 1 FREELIST GROUPS 1
  BUFFER_POOL DEFAULT FLASH_CACHE DEFAULT CELL_FLASH_CACHE DEFAULT)
  TABLESPACE "USERS" ;
--------------------------------------------------------
--  DDL for Index PK_WYNAGRODZENIA
--------------------------------------------------------

  CREATE UNIQUE INDEX "MDUDEK8"."PK_WYNAGRODZENIA" ON "MDUDEK8"."WYNAGRODZENIA" ("NR_WYNAGRODZENIA") 
  PCTFREE 10 INITRANS 2 MAXTRANS 255 COMPUTE STATISTICS 
  STORAGE(INITIAL 65536 NEXT 1048576 MINEXTENTS 1 MAXEXTENTS 2147483645
  PCTINCREASE 0 FREELISTS 1 FREELIST GROUPS 1
  BUFFER_POOL DEFAULT FLASH_CACHE DEFAULT CELL_FLASH_CACHE DEFAULT)
  TABLESPACE "USERS" ;
--------------------------------------------------------
--  DDL for Index IX_REALIZUJE
--------------------------------------------------------

  CREATE INDEX "MDUDEK8"."IX_REALIZUJE" ON "MDUDEK8"."ZAMOWIENIA" ("NR_KLUBU") 
  PCTFREE 10 INITRANS 2 MAXTRANS 255 COMPUTE STATISTICS 
  STORAGE(INITIAL 65536 NEXT 1048576 MINEXTENTS 1 MAXEXTENTS 2147483645
  PCTINCREASE 0 FREELISTS 1 FREELIST GROUPS 1
  BUFFER_POOL DEFAULT FLASH_CACHE DEFAULT CELL_FLASH_CACHE DEFAULT)
  TABLESPACE "USERS" ;
--------------------------------------------------------
--  DDL for Index IX_ZAMAWIA
--------------------------------------------------------

  CREATE INDEX "MDUDEK8"."IX_ZAMAWIA" ON "MDUDEK8"."ZAMOWIENIA" ("NR_KIBICA") 
  PCTFREE 10 INITRANS 2 MAXTRANS 255 COMPUTE STATISTICS 
  STORAGE(INITIAL 65536 NEXT 1048576 MINEXTENTS 1 MAXEXTENTS 2147483645
  PCTINCREASE 0 FREELISTS 1 FREELIST GROUPS 1
  BUFFER_POOL DEFAULT FLASH_CACHE DEFAULT CELL_FLASH_CACHE DEFAULT)
  TABLESPACE "USERS" ;
--------------------------------------------------------
--  DDL for Index IX_FAKTURA_JEST_WYSTAWIANA
--------------------------------------------------------

  CREATE INDEX "MDUDEK8"."IX_FAKTURA_JEST_WYSTAWIANA" ON "MDUDEK8"."ZAMOWIENIA" ("NR_FAKTURY") 
  PCTFREE 10 INITRANS 2 MAXTRANS 255 COMPUTE STATISTICS 
  STORAGE(INITIAL 65536 NEXT 1048576 MINEXTENTS 1 MAXEXTENTS 2147483645
  PCTINCREASE 0 FREELISTS 1 FREELIST GROUPS 1
  BUFFER_POOL DEFAULT FLASH_CACHE DEFAULT CELL_FLASH_CACHE DEFAULT)
  TABLESPACE "USERS" ;
--------------------------------------------------------
--  DDL for Index UNIQUE_IDENTIFIER6
--------------------------------------------------------

  CREATE UNIQUE INDEX "MDUDEK8"."UNIQUE_IDENTIFIER6" ON "MDUDEK8"."ZAMOWIENIA" ("NR_ZAMOWIENIA") 
  PCTFREE 10 INITRANS 2 MAXTRANS 255 COMPUTE STATISTICS 
  STORAGE(INITIAL 65536 NEXT 1048576 MINEXTENTS 1 MAXEXTENTS 2147483645
  PCTINCREASE 0 FREELISTS 1 FREELIST GROUPS 1
  BUFFER_POOL DEFAULT FLASH_CACHE DEFAULT CELL_FLASH_CACHE DEFAULT)
  TABLESPACE "USERS" ;
--------------------------------------------------------
--  DDL for Trigger TS_ADRESY_ADRESYS
--------------------------------------------------------

  CREATE OR REPLACE NONEDITIONABLE TRIGGER "MDUDEK8"."TS_ADRESY_ADRESYS" BEFORE INSERT
ON Adresy FOR EACH ROW
BEGIN
  :new.Nr_adresu := AdresyS.nextval;
END;

/
ALTER TRIGGER "MDUDEK8"."TS_ADRESY_ADRESYS" ENABLE;
--------------------------------------------------------
--  DDL for Trigger TS_BILETY_BILETYS
--------------------------------------------------------

  CREATE OR REPLACE NONEDITIONABLE TRIGGER "MDUDEK8"."TS_BILETY_BILETYS" BEFORE INSERT
ON Bilety FOR EACH ROW
BEGIN
  :new.Nr_biletu := BiletyS.nextval;
END;

/
ALTER TRIGGER "MDUDEK8"."TS_BILETY_BILETYS" ENABLE;
--------------------------------------------------------
--  DDL for Trigger TS_FAKTURY_FAKTURYS
--------------------------------------------------------

  CREATE OR REPLACE NONEDITIONABLE TRIGGER "MDUDEK8"."TS_FAKTURY_FAKTURYS" BEFORE INSERT
ON Faktury FOR EACH ROW
BEGIN
  :new.Nr_faktury := FakturyS.nextval;
END;

/
ALTER TRIGGER "MDUDEK8"."TS_FAKTURY_FAKTURYS" ENABLE;
--------------------------------------------------------
--  DDL for Trigger TS_KIBICE_KIBICES
--------------------------------------------------------

  CREATE OR REPLACE NONEDITIONABLE TRIGGER "MDUDEK8"."TS_KIBICE_KIBICES" BEFORE INSERT
ON Kibice FOR EACH ROW
BEGIN
  :new.Nr_kibica := KibiceS.nextval;
END;

/
ALTER TRIGGER "MDUDEK8"."TS_KIBICE_KIBICES" ENABLE;
--------------------------------------------------------
--  DDL for Trigger TS_KLUB_PILKARSKI_KLUB_PILKARSKIS
--------------------------------------------------------

  CREATE OR REPLACE NONEDITIONABLE TRIGGER "MDUDEK8"."TS_KLUB_PILKARSKI_KLUB_PILKARSKIS" BEFORE INSERT
ON Klub_pilkarski FOR EACH ROW
BEGIN
  :new.Nr_klubu := Klub_pilkarskiS.nextval;
END;

/
ALTER TRIGGER "MDUDEK8"."TS_KLUB_PILKARSKI_KLUB_PILKARSKIS" ENABLE;
--------------------------------------------------------
--  DDL for Trigger TS_MECZE_MECZES
--------------------------------------------------------

  CREATE OR REPLACE NONEDITIONABLE TRIGGER "MDUDEK8"."TS_MECZE_MECZES" BEFORE INSERT
ON Mecze FOR EACH ROW
BEGIN
  :new.Nr_meczu := MeczeS.nextval;
END;

/
ALTER TRIGGER "MDUDEK8"."TS_MECZE_MECZES" ENABLE;
--------------------------------------------------------
--  DDL for Trigger TS_POCZTY_POCZTYS
--------------------------------------------------------

  CREATE OR REPLACE NONEDITIONABLE TRIGGER "MDUDEK8"."TS_POCZTY_POCZTYS" BEFORE INSERT
ON Poczty FOR EACH ROW
BEGIN
  :new.Nr_poczty := PocztyS.nextval;
END;

/
ALTER TRIGGER "MDUDEK8"."TS_POCZTY_POCZTYS" ENABLE;
--------------------------------------------------------
--  DDL for Trigger TS_PRACOWNICY_PRACOWNICYS
--------------------------------------------------------

  CREATE OR REPLACE NONEDITIONABLE TRIGGER "MDUDEK8"."TS_PRACOWNICY_PRACOWNICYS" BEFORE INSERT
ON Pracownicy FOR EACH ROW
BEGIN
  :new.Nr_pracownika := PracownicyS.nextval;
END;

/
ALTER TRIGGER "MDUDEK8"."TS_PRACOWNICY_PRACOWNICYS" ENABLE;
--------------------------------------------------------
--  DDL for Trigger TS_PRODUCENCI_PRODUCENCIS
--------------------------------------------------------

  CREATE OR REPLACE NONEDITIONABLE TRIGGER "MDUDEK8"."TS_PRODUCENCI_PRODUCENCIS" BEFORE INSERT
ON Producenci FOR EACH ROW
BEGIN
  :new.Nr_producenta := ProducenciS.nextval;
END;

/
ALTER TRIGGER "MDUDEK8"."TS_PRODUCENCI_PRODUCENCIS" ENABLE;
--------------------------------------------------------
--  DDL for Trigger TS_PRODUKTY_PRODUKTYS
--------------------------------------------------------

  CREATE OR REPLACE NONEDITIONABLE TRIGGER "MDUDEK8"."TS_PRODUKTY_PRODUKTYS" BEFORE INSERT
ON Produkty FOR EACH ROW
BEGIN
  :new.Nr_produktu := ProduktyS.nextval;
END;

/
ALTER TRIGGER "MDUDEK8"."TS_PRODUKTY_PRODUKTYS" ENABLE;
--------------------------------------------------------
--  DDL for Trigger TS_STANOWISKA_STANOWISKAS
--------------------------------------------------------

  CREATE OR REPLACE NONEDITIONABLE TRIGGER "MDUDEK8"."TS_STANOWISKA_STANOWISKAS" BEFORE INSERT
ON Stanowiska FOR EACH ROW
BEGIN
  :new.Nr_stanowiska := StanowiskaS.nextval;
END;

/
ALTER TRIGGER "MDUDEK8"."TS_STANOWISKA_STANOWISKAS" ENABLE;
--------------------------------------------------------
--  DDL for Trigger TSU_ADRESY_ADRESYS
--------------------------------------------------------

  CREATE OR REPLACE NONEDITIONABLE TRIGGER "MDUDEK8"."TSU_ADRESY_ADRESYS" AFTER UPDATE OF Nr_adresu
ON Adresy FOR EACH ROW
BEGIN
  RAISE_APPLICATION_ERROR(-20010,'Cannot update column Nr_adresu in table Adresy as it uses sequence.');
END;

/
ALTER TRIGGER "MDUDEK8"."TSU_ADRESY_ADRESYS" ENABLE;
--------------------------------------------------------
--  DDL for Trigger TSU_BILETY_BILETYS
--------------------------------------------------------

  CREATE OR REPLACE NONEDITIONABLE TRIGGER "MDUDEK8"."TSU_BILETY_BILETYS" AFTER UPDATE OF Nr_biletu
ON Bilety FOR EACH ROW
BEGIN
  RAISE_APPLICATION_ERROR(-20010,'Cannot update column Nr_biletu in table Bilety as it uses sequence.');
END;

/
ALTER TRIGGER "MDUDEK8"."TSU_BILETY_BILETYS" ENABLE;
--------------------------------------------------------
--  DDL for Trigger TSU_FAKTURY_FAKTURYS
--------------------------------------------------------

  CREATE OR REPLACE NONEDITIONABLE TRIGGER "MDUDEK8"."TSU_FAKTURY_FAKTURYS" AFTER UPDATE OF Nr_faktury
ON Faktury FOR EACH ROW
BEGIN
  RAISE_APPLICATION_ERROR(-20010,'Cannot update column Nr_faktury in table Faktury as it uses sequence.');
END;

/
ALTER TRIGGER "MDUDEK8"."TSU_FAKTURY_FAKTURYS" ENABLE;
--------------------------------------------------------
--  DDL for Trigger TSU_KIBICE_KIBICES
--------------------------------------------------------

  CREATE OR REPLACE NONEDITIONABLE TRIGGER "MDUDEK8"."TSU_KIBICE_KIBICES" AFTER UPDATE OF Nr_kibica
ON Kibice FOR EACH ROW
BEGIN
  RAISE_APPLICATION_ERROR(-20010,'Cannot update column Nr_kibica in table Kibice as it uses sequence.');
END;

/
ALTER TRIGGER "MDUDEK8"."TSU_KIBICE_KIBICES" ENABLE;
--------------------------------------------------------
--  DDL for Trigger TSU_KLUB_PILKARSKI_KLUB_PILKARSKIS
--------------------------------------------------------

  CREATE OR REPLACE NONEDITIONABLE TRIGGER "MDUDEK8"."TSU_KLUB_PILKARSKI_KLUB_PILKARSKIS" AFTER UPDATE OF Nr_klubu
ON Klub_pilkarski FOR EACH ROW
BEGIN
  RAISE_APPLICATION_ERROR(-20010,'Cannot update column Nr_klubu in table Klub_pilkarski as it uses sequence.');
END;

/
ALTER TRIGGER "MDUDEK8"."TSU_KLUB_PILKARSKI_KLUB_PILKARSKIS" ENABLE;
--------------------------------------------------------
--  DDL for Trigger TSU_MECZE_MECZES
--------------------------------------------------------

  CREATE OR REPLACE NONEDITIONABLE TRIGGER "MDUDEK8"."TSU_MECZE_MECZES" AFTER UPDATE OF Nr_meczu
ON Mecze FOR EACH ROW
BEGIN
  RAISE_APPLICATION_ERROR(-20010,'Cannot update column Nr_meczu in table Mecze as it uses sequence.');
END;

/
ALTER TRIGGER "MDUDEK8"."TSU_MECZE_MECZES" ENABLE;
--------------------------------------------------------
--  DDL for Trigger TSU_POCZTY_POCZTYS
--------------------------------------------------------

  CREATE OR REPLACE NONEDITIONABLE TRIGGER "MDUDEK8"."TSU_POCZTY_POCZTYS" AFTER UPDATE OF Nr_poczty
ON Poczty FOR EACH ROW
BEGIN
  RAISE_APPLICATION_ERROR(-20010,'Cannot update column Nr_poczty in table Poczty as it uses sequence.');
END;

/
ALTER TRIGGER "MDUDEK8"."TSU_POCZTY_POCZTYS" ENABLE;
--------------------------------------------------------
--  DDL for Trigger TSU_PRACOWNICY_PRACOWNICYS
--------------------------------------------------------

  CREATE OR REPLACE NONEDITIONABLE TRIGGER "MDUDEK8"."TSU_PRACOWNICY_PRACOWNICYS" AFTER UPDATE OF Nr_pracownika
ON Pracownicy FOR EACH ROW
BEGIN
  RAISE_APPLICATION_ERROR(-20010,'Cannot update column Nr_pracownika in table Pracownicy as it uses sequence.');
END;

/
ALTER TRIGGER "MDUDEK8"."TSU_PRACOWNICY_PRACOWNICYS" ENABLE;
--------------------------------------------------------
--  DDL for Trigger TSU_PRODUCENCI_PRODUCENCIS
--------------------------------------------------------

  CREATE OR REPLACE NONEDITIONABLE TRIGGER "MDUDEK8"."TSU_PRODUCENCI_PRODUCENCIS" AFTER UPDATE OF Nr_producenta
ON Producenci FOR EACH ROW
BEGIN
  RAISE_APPLICATION_ERROR(-20010,'Cannot update column Nr_producenta in table Producenci as it uses sequence.');
END;

/
ALTER TRIGGER "MDUDEK8"."TSU_PRODUCENCI_PRODUCENCIS" ENABLE;
--------------------------------------------------------
--  DDL for Trigger TSU_PRODUKTY_PRODUKTYS
--------------------------------------------------------

  CREATE OR REPLACE NONEDITIONABLE TRIGGER "MDUDEK8"."TSU_PRODUKTY_PRODUKTYS" AFTER UPDATE OF Nr_produktu
ON Produkty FOR EACH ROW
BEGIN
  RAISE_APPLICATION_ERROR(-20010,'Cannot update column Nr_produktu in table Produkty as it uses sequence.');
END;

/
ALTER TRIGGER "MDUDEK8"."TSU_PRODUKTY_PRODUKTYS" ENABLE;
--------------------------------------------------------
--  DDL for Trigger TSU_STANOWISKA_STANOWISKAS
--------------------------------------------------------

  CREATE OR REPLACE NONEDITIONABLE TRIGGER "MDUDEK8"."TSU_STANOWISKA_STANOWISKAS" AFTER UPDATE OF Nr_stanowiska
ON Stanowiska FOR EACH ROW
BEGIN
  RAISE_APPLICATION_ERROR(-20010,'Cannot update column Nr_stanowiska in table Stanowiska as it uses sequence.');
END;

/
ALTER TRIGGER "MDUDEK8"."TSU_STANOWISKA_STANOWISKAS" ENABLE;
--------------------------------------------------------
--  DDL for Trigger TSU_WYNAGRODZENIA_WYNAGRODZENIAS
--------------------------------------------------------

  CREATE OR REPLACE NONEDITIONABLE TRIGGER "MDUDEK8"."TSU_WYNAGRODZENIA_WYNAGRODZENIAS" AFTER UPDATE OF Nr_wynagrodzenia
ON Wynagrodzenia FOR EACH ROW
BEGIN
  RAISE_APPLICATION_ERROR(-20010,'Cannot update column Nr_wynagrodzenia in table Wynagrodzenia as it uses sequence.');
END;

/
ALTER TRIGGER "MDUDEK8"."TSU_WYNAGRODZENIA_WYNAGRODZENIAS" ENABLE;
--------------------------------------------------------
--  DDL for Trigger TSU_ZAMOWIENIA_ZAMOWIENIAS
--------------------------------------------------------

  CREATE OR REPLACE NONEDITIONABLE TRIGGER "MDUDEK8"."TSU_ZAMOWIENIA_ZAMOWIENIAS" AFTER UPDATE OF Nr_zamowienia
ON Zamowienia FOR EACH ROW
BEGIN
  RAISE_APPLICATION_ERROR(-20010,'Cannot update column Nr_zamowienia in table Zamowienia as it uses sequence.');
END;

/
ALTER TRIGGER "MDUDEK8"."TSU_ZAMOWIENIA_ZAMOWIENIAS" ENABLE;
--------------------------------------------------------
--  DDL for Trigger TS_WYNAGRODZENIA_WYNAGRODZENIAS
--------------------------------------------------------

  CREATE OR REPLACE NONEDITIONABLE TRIGGER "MDUDEK8"."TS_WYNAGRODZENIA_WYNAGRODZENIAS" BEFORE INSERT
ON Wynagrodzenia FOR EACH ROW
BEGIN
  :new.Nr_wynagrodzenia := WynagrodzeniaS.nextval;
END;

/
ALTER TRIGGER "MDUDEK8"."TS_WYNAGRODZENIA_WYNAGRODZENIAS" ENABLE;
--------------------------------------------------------
--  DDL for Trigger TS_ZAMOWIENIA_ZAMOWIENIAS
--------------------------------------------------------

  CREATE OR REPLACE NONEDITIONABLE TRIGGER "MDUDEK8"."TS_ZAMOWIENIA_ZAMOWIENIAS" BEFORE INSERT
ON Zamowienia FOR EACH ROW
BEGIN
  :new.Nr_zamowienia := ZamowieniaS.nextval;
END;

/
ALTER TRIGGER "MDUDEK8"."TS_ZAMOWIENIA_ZAMOWIENIAS" ENABLE;
--------------------------------------------------------
--  DDL for Trigger TS_ADRESY_ADRESYS
--------------------------------------------------------

  CREATE OR REPLACE NONEDITIONABLE TRIGGER "MDUDEK8"."TS_ADRESY_ADRESYS" BEFORE INSERT
ON Adresy FOR EACH ROW
BEGIN
  :new.Nr_adresu := AdresyS.nextval;
END;

/
ALTER TRIGGER "MDUDEK8"."TS_ADRESY_ADRESYS" ENABLE;
--------------------------------------------------------
--  DDL for Trigger TSU_ADRESY_ADRESYS
--------------------------------------------------------

  CREATE OR REPLACE NONEDITIONABLE TRIGGER "MDUDEK8"."TSU_ADRESY_ADRESYS" AFTER UPDATE OF Nr_adresu
ON Adresy FOR EACH ROW
BEGIN
  RAISE_APPLICATION_ERROR(-20010,'Cannot update column Nr_adresu in table Adresy as it uses sequence.');
END;

/
ALTER TRIGGER "MDUDEK8"."TSU_ADRESY_ADRESYS" ENABLE;
--------------------------------------------------------
--  DDL for Trigger TS_BILETY_BILETYS
--------------------------------------------------------

  CREATE OR REPLACE NONEDITIONABLE TRIGGER "MDUDEK8"."TS_BILETY_BILETYS" BEFORE INSERT
ON Bilety FOR EACH ROW
BEGIN
  :new.Nr_biletu := BiletyS.nextval;
END;

/
ALTER TRIGGER "MDUDEK8"."TS_BILETY_BILETYS" ENABLE;
--------------------------------------------------------
--  DDL for Trigger TSU_BILETY_BILETYS
--------------------------------------------------------

  CREATE OR REPLACE NONEDITIONABLE TRIGGER "MDUDEK8"."TSU_BILETY_BILETYS" AFTER UPDATE OF Nr_biletu
ON Bilety FOR EACH ROW
BEGIN
  RAISE_APPLICATION_ERROR(-20010,'Cannot update column Nr_biletu in table Bilety as it uses sequence.');
END;

/
ALTER TRIGGER "MDUDEK8"."TSU_BILETY_BILETYS" ENABLE;
--------------------------------------------------------
--  DDL for Trigger TS_FAKTURY_FAKTURYS
--------------------------------------------------------

  CREATE OR REPLACE NONEDITIONABLE TRIGGER "MDUDEK8"."TS_FAKTURY_FAKTURYS" BEFORE INSERT
ON Faktury FOR EACH ROW
BEGIN
  :new.Nr_faktury := FakturyS.nextval;
END;

/
ALTER TRIGGER "MDUDEK8"."TS_FAKTURY_FAKTURYS" ENABLE;
--------------------------------------------------------
--  DDL for Trigger TSU_FAKTURY_FAKTURYS
--------------------------------------------------------

  CREATE OR REPLACE NONEDITIONABLE TRIGGER "MDUDEK8"."TSU_FAKTURY_FAKTURYS" AFTER UPDATE OF Nr_faktury
ON Faktury FOR EACH ROW
BEGIN
  RAISE_APPLICATION_ERROR(-20010,'Cannot update column Nr_faktury in table Faktury as it uses sequence.');
END;

/
ALTER TRIGGER "MDUDEK8"."TSU_FAKTURY_FAKTURYS" ENABLE;
--------------------------------------------------------
--  DDL for Trigger TS_KIBICE_KIBICES
--------------------------------------------------------

  CREATE OR REPLACE NONEDITIONABLE TRIGGER "MDUDEK8"."TS_KIBICE_KIBICES" BEFORE INSERT
ON Kibice FOR EACH ROW
BEGIN
  :new.Nr_kibica := KibiceS.nextval;
END;

/
ALTER TRIGGER "MDUDEK8"."TS_KIBICE_KIBICES" ENABLE;
--------------------------------------------------------
--  DDL for Trigger TSU_KIBICE_KIBICES
--------------------------------------------------------

  CREATE OR REPLACE NONEDITIONABLE TRIGGER "MDUDEK8"."TSU_KIBICE_KIBICES" AFTER UPDATE OF Nr_kibica
ON Kibice FOR EACH ROW
BEGIN
  RAISE_APPLICATION_ERROR(-20010,'Cannot update column Nr_kibica in table Kibice as it uses sequence.');
END;

/
ALTER TRIGGER "MDUDEK8"."TSU_KIBICE_KIBICES" ENABLE;
--------------------------------------------------------
--  DDL for Trigger TS_KLUB_PILKARSKI_KLUB_PILKARSKIS
--------------------------------------------------------

  CREATE OR REPLACE NONEDITIONABLE TRIGGER "MDUDEK8"."TS_KLUB_PILKARSKI_KLUB_PILKARSKIS" BEFORE INSERT
ON Klub_pilkarski FOR EACH ROW
BEGIN
  :new.Nr_klubu := Klub_pilkarskiS.nextval;
END;

/
ALTER TRIGGER "MDUDEK8"."TS_KLUB_PILKARSKI_KLUB_PILKARSKIS" ENABLE;
--------------------------------------------------------
--  DDL for Trigger TSU_KLUB_PILKARSKI_KLUB_PILKARSKIS
--------------------------------------------------------

  CREATE OR REPLACE NONEDITIONABLE TRIGGER "MDUDEK8"."TSU_KLUB_PILKARSKI_KLUB_PILKARSKIS" AFTER UPDATE OF Nr_klubu
ON Klub_pilkarski FOR EACH ROW
BEGIN
  RAISE_APPLICATION_ERROR(-20010,'Cannot update column Nr_klubu in table Klub_pilkarski as it uses sequence.');
END;

/
ALTER TRIGGER "MDUDEK8"."TSU_KLUB_PILKARSKI_KLUB_PILKARSKIS" ENABLE;
--------------------------------------------------------
--  DDL for Trigger TS_MECZE_MECZES
--------------------------------------------------------

  CREATE OR REPLACE NONEDITIONABLE TRIGGER "MDUDEK8"."TS_MECZE_MECZES" BEFORE INSERT
ON Mecze FOR EACH ROW
BEGIN
  :new.Nr_meczu := MeczeS.nextval;
END;

/
ALTER TRIGGER "MDUDEK8"."TS_MECZE_MECZES" ENABLE;
--------------------------------------------------------
--  DDL for Trigger TSU_MECZE_MECZES
--------------------------------------------------------

  CREATE OR REPLACE NONEDITIONABLE TRIGGER "MDUDEK8"."TSU_MECZE_MECZES" AFTER UPDATE OF Nr_meczu
ON Mecze FOR EACH ROW
BEGIN
  RAISE_APPLICATION_ERROR(-20010,'Cannot update column Nr_meczu in table Mecze as it uses sequence.');
END;

/
ALTER TRIGGER "MDUDEK8"."TSU_MECZE_MECZES" ENABLE;
--------------------------------------------------------
--  DDL for Trigger TS_POCZTY_POCZTYS
--------------------------------------------------------

  CREATE OR REPLACE NONEDITIONABLE TRIGGER "MDUDEK8"."TS_POCZTY_POCZTYS" BEFORE INSERT
ON Poczty FOR EACH ROW
BEGIN
  :new.Nr_poczty := PocztyS.nextval;
END;

/
ALTER TRIGGER "MDUDEK8"."TS_POCZTY_POCZTYS" ENABLE;
--------------------------------------------------------
--  DDL for Trigger TSU_POCZTY_POCZTYS
--------------------------------------------------------

  CREATE OR REPLACE NONEDITIONABLE TRIGGER "MDUDEK8"."TSU_POCZTY_POCZTYS" AFTER UPDATE OF Nr_poczty
ON Poczty FOR EACH ROW
BEGIN
  RAISE_APPLICATION_ERROR(-20010,'Cannot update column Nr_poczty in table Poczty as it uses sequence.');
END;

/
ALTER TRIGGER "MDUDEK8"."TSU_POCZTY_POCZTYS" ENABLE;
--------------------------------------------------------
--  DDL for Trigger TS_PRACOWNICY_PRACOWNICYS
--------------------------------------------------------

  CREATE OR REPLACE NONEDITIONABLE TRIGGER "MDUDEK8"."TS_PRACOWNICY_PRACOWNICYS" BEFORE INSERT
ON Pracownicy FOR EACH ROW
BEGIN
  :new.Nr_pracownika := PracownicyS.nextval;
END;

/
ALTER TRIGGER "MDUDEK8"."TS_PRACOWNICY_PRACOWNICYS" ENABLE;
--------------------------------------------------------
--  DDL for Trigger TSU_PRACOWNICY_PRACOWNICYS
--------------------------------------------------------

  CREATE OR REPLACE NONEDITIONABLE TRIGGER "MDUDEK8"."TSU_PRACOWNICY_PRACOWNICYS" AFTER UPDATE OF Nr_pracownika
ON Pracownicy FOR EACH ROW
BEGIN
  RAISE_APPLICATION_ERROR(-20010,'Cannot update column Nr_pracownika in table Pracownicy as it uses sequence.');
END;

/
ALTER TRIGGER "MDUDEK8"."TSU_PRACOWNICY_PRACOWNICYS" ENABLE;
--------------------------------------------------------
--  DDL for Trigger TS_PRODUCENCI_PRODUCENCIS
--------------------------------------------------------

  CREATE OR REPLACE NONEDITIONABLE TRIGGER "MDUDEK8"."TS_PRODUCENCI_PRODUCENCIS" BEFORE INSERT
ON Producenci FOR EACH ROW
BEGIN
  :new.Nr_producenta := ProducenciS.nextval;
END;

/
ALTER TRIGGER "MDUDEK8"."TS_PRODUCENCI_PRODUCENCIS" ENABLE;
--------------------------------------------------------
--  DDL for Trigger TSU_PRODUCENCI_PRODUCENCIS
--------------------------------------------------------

  CREATE OR REPLACE NONEDITIONABLE TRIGGER "MDUDEK8"."TSU_PRODUCENCI_PRODUCENCIS" AFTER UPDATE OF Nr_producenta
ON Producenci FOR EACH ROW
BEGIN
  RAISE_APPLICATION_ERROR(-20010,'Cannot update column Nr_producenta in table Producenci as it uses sequence.');
END;

/
ALTER TRIGGER "MDUDEK8"."TSU_PRODUCENCI_PRODUCENCIS" ENABLE;
--------------------------------------------------------
--  DDL for Trigger TS_PRODUKTY_PRODUKTYS
--------------------------------------------------------

  CREATE OR REPLACE NONEDITIONABLE TRIGGER "MDUDEK8"."TS_PRODUKTY_PRODUKTYS" BEFORE INSERT
ON Produkty FOR EACH ROW
BEGIN
  :new.Nr_produktu := ProduktyS.nextval;
END;

/
ALTER TRIGGER "MDUDEK8"."TS_PRODUKTY_PRODUKTYS" ENABLE;
--------------------------------------------------------
--  DDL for Trigger TSU_PRODUKTY_PRODUKTYS
--------------------------------------------------------

  CREATE OR REPLACE NONEDITIONABLE TRIGGER "MDUDEK8"."TSU_PRODUKTY_PRODUKTYS" AFTER UPDATE OF Nr_produktu
ON Produkty FOR EACH ROW
BEGIN
  RAISE_APPLICATION_ERROR(-20010,'Cannot update column Nr_produktu in table Produkty as it uses sequence.');
END;

/
ALTER TRIGGER "MDUDEK8"."TSU_PRODUKTY_PRODUKTYS" ENABLE;
--------------------------------------------------------
--  DDL for Trigger TS_STANOWISKA_STANOWISKAS
--------------------------------------------------------

  CREATE OR REPLACE NONEDITIONABLE TRIGGER "MDUDEK8"."TS_STANOWISKA_STANOWISKAS" BEFORE INSERT
ON Stanowiska FOR EACH ROW
BEGIN
  :new.Nr_stanowiska := StanowiskaS.nextval;
END;

/
ALTER TRIGGER "MDUDEK8"."TS_STANOWISKA_STANOWISKAS" ENABLE;
--------------------------------------------------------
--  DDL for Trigger TSU_STANOWISKA_STANOWISKAS
--------------------------------------------------------

  CREATE OR REPLACE NONEDITIONABLE TRIGGER "MDUDEK8"."TSU_STANOWISKA_STANOWISKAS" AFTER UPDATE OF Nr_stanowiska
ON Stanowiska FOR EACH ROW
BEGIN
  RAISE_APPLICATION_ERROR(-20010,'Cannot update column Nr_stanowiska in table Stanowiska as it uses sequence.');
END;

/
ALTER TRIGGER "MDUDEK8"."TSU_STANOWISKA_STANOWISKAS" ENABLE;
--------------------------------------------------------
--  DDL for Trigger TS_WYNAGRODZENIA_WYNAGRODZENIAS
--------------------------------------------------------

  CREATE OR REPLACE NONEDITIONABLE TRIGGER "MDUDEK8"."TS_WYNAGRODZENIA_WYNAGRODZENIAS" BEFORE INSERT
ON Wynagrodzenia FOR EACH ROW
BEGIN
  :new.Nr_wynagrodzenia := WynagrodzeniaS.nextval;
END;

/
ALTER TRIGGER "MDUDEK8"."TS_WYNAGRODZENIA_WYNAGRODZENIAS" ENABLE;
--------------------------------------------------------
--  DDL for Trigger TSU_WYNAGRODZENIA_WYNAGRODZENIAS
--------------------------------------------------------

  CREATE OR REPLACE NONEDITIONABLE TRIGGER "MDUDEK8"."TSU_WYNAGRODZENIA_WYNAGRODZENIAS" AFTER UPDATE OF Nr_wynagrodzenia
ON Wynagrodzenia FOR EACH ROW
BEGIN
  RAISE_APPLICATION_ERROR(-20010,'Cannot update column Nr_wynagrodzenia in table Wynagrodzenia as it uses sequence.');
END;

/
ALTER TRIGGER "MDUDEK8"."TSU_WYNAGRODZENIA_WYNAGRODZENIAS" ENABLE;
--------------------------------------------------------
--  DDL for Trigger TS_ZAMOWIENIA_ZAMOWIENIAS
--------------------------------------------------------

  CREATE OR REPLACE NONEDITIONABLE TRIGGER "MDUDEK8"."TS_ZAMOWIENIA_ZAMOWIENIAS" BEFORE INSERT
ON Zamowienia FOR EACH ROW
BEGIN
  :new.Nr_zamowienia := ZamowieniaS.nextval;
END;

/
ALTER TRIGGER "MDUDEK8"."TS_ZAMOWIENIA_ZAMOWIENIAS" ENABLE;
--------------------------------------------------------
--  DDL for Trigger TSU_ZAMOWIENIA_ZAMOWIENIAS
--------------------------------------------------------

  CREATE OR REPLACE NONEDITIONABLE TRIGGER "MDUDEK8"."TSU_ZAMOWIENIA_ZAMOWIENIAS" AFTER UPDATE OF Nr_zamowienia
ON Zamowienia FOR EACH ROW
BEGIN
  RAISE_APPLICATION_ERROR(-20010,'Cannot update column Nr_zamowienia in table Zamowienia as it uses sequence.');
END;

/
ALTER TRIGGER "MDUDEK8"."TSU_ZAMOWIENIA_ZAMOWIENIAS" ENABLE;
--------------------------------------------------------
--  Constraints for Table ADRESY
--------------------------------------------------------

  ALTER TABLE "MDUDEK8"."ADRESY" MODIFY ("NR_ADRESU" NOT NULL ENABLE);
  ALTER TABLE "MDUDEK8"."ADRESY" MODIFY ("KRAJ" NOT NULL ENABLE);
  ALTER TABLE "MDUDEK8"."ADRESY" MODIFY ("MIEJSCOWOŒÆ" NOT NULL ENABLE);
  ALTER TABLE "MDUDEK8"."ADRESY" MODIFY ("ULICA" NOT NULL ENABLE);
  ALTER TABLE "MDUDEK8"."ADRESY" MODIFY ("NR_DOMU" NOT NULL ENABLE);
  ALTER TABLE "MDUDEK8"."ADRESY" MODIFY ("NR_POCZTY" NOT NULL ENABLE);
  ALTER TABLE "MDUDEK8"."ADRESY" ADD CONSTRAINT "PK_ADRESY" PRIMARY KEY ("NR_ADRESU")
  USING INDEX PCTFREE 10 INITRANS 2 MAXTRANS 255 COMPUTE STATISTICS 
  STORAGE(INITIAL 65536 NEXT 1048576 MINEXTENTS 1 MAXEXTENTS 2147483645
  PCTINCREASE 0 FREELISTS 1 FREELIST GROUPS 1
  BUFFER_POOL DEFAULT FLASH_CACHE DEFAULT CELL_FLASH_CACHE DEFAULT)
  TABLESPACE "USERS"  ENABLE;
--------------------------------------------------------
--  Constraints for Table BILETY
--------------------------------------------------------

  ALTER TABLE "MDUDEK8"."BILETY" MODIFY ("NR_BILETU" NOT NULL ENABLE);
  ALTER TABLE "MDUDEK8"."BILETY" MODIFY ("RODZAJ_BILETU" NOT NULL ENABLE);
  ALTER TABLE "MDUDEK8"."BILETY" MODIFY ("CENA" NOT NULL ENABLE);
  ALTER TABLE "MDUDEK8"."BILETY" MODIFY ("DATA" NOT NULL ENABLE);
  ALTER TABLE "MDUDEK8"."BILETY" MODIFY ("NR_KLUBU" NOT NULL ENABLE);
  ALTER TABLE "MDUDEK8"."BILETY" MODIFY ("NR_MECZU" NOT NULL ENABLE);
  ALTER TABLE "MDUDEK8"."BILETY" ADD CHECK (Rodzaj_biletu IN ('Normalny','Ulgowy')) ENABLE;
  ALTER TABLE "MDUDEK8"."BILETY" ADD CONSTRAINT "UNIQUE_IDENTIFIER9" PRIMARY KEY ("NR_BILETU")
  USING INDEX PCTFREE 10 INITRANS 2 MAXTRANS 255 COMPUTE STATISTICS 
  STORAGE(INITIAL 65536 NEXT 1048576 MINEXTENTS 1 MAXEXTENTS 2147483645
  PCTINCREASE 0 FREELISTS 1 FREELIST GROUPS 1
  BUFFER_POOL DEFAULT FLASH_CACHE DEFAULT CELL_FLASH_CACHE DEFAULT)
  TABLESPACE "USERS"  ENABLE;
--------------------------------------------------------
--  Constraints for Table FAKTURY
--------------------------------------------------------

  ALTER TABLE "MDUDEK8"."FAKTURY" MODIFY ("WARTOSC_VAT" NOT NULL ENABLE);
  ALTER TABLE "MDUDEK8"."FAKTURY" MODIFY ("FORMA_PLATNOSCI" NOT NULL ENABLE);
  ALTER TABLE "MDUDEK8"."FAKTURY" ADD CHECK (Forma_platnosci IN ('Przelew','Blik','Gotowka')) ENABLE;
  ALTER TABLE "MDUDEK8"."FAKTURY" ADD CONSTRAINT "PK_FAKTURY" PRIMARY KEY ("NR_FAKTURY")
  USING INDEX PCTFREE 10 INITRANS 2 MAXTRANS 255 COMPUTE STATISTICS 
  STORAGE(INITIAL 65536 NEXT 1048576 MINEXTENTS 1 MAXEXTENTS 2147483645
  PCTINCREASE 0 FREELISTS 1 FREELIST GROUPS 1
  BUFFER_POOL DEFAULT FLASH_CACHE DEFAULT CELL_FLASH_CACHE DEFAULT)
  TABLESPACE "USERS"  ENABLE;
  ALTER TABLE "MDUDEK8"."FAKTURY" MODIFY ("NR_FAKTURY" NOT NULL ENABLE);
  ALTER TABLE "MDUDEK8"."FAKTURY" MODIFY ("DATA_WYSTAWIENIA" NOT NULL ENABLE);
  ALTER TABLE "MDUDEK8"."FAKTURY" MODIFY ("CENA_BRUTTO" NOT NULL ENABLE);
  ALTER TABLE "MDUDEK8"."FAKTURY" MODIFY ("CENA_NETTO" NOT NULL ENABLE);
--------------------------------------------------------
--  Constraints for Table KIBICE
--------------------------------------------------------

  ALTER TABLE "MDUDEK8"."KIBICE" MODIFY ("NR_KIBICA" NOT NULL ENABLE);
  ALTER TABLE "MDUDEK8"."KIBICE" MODIFY ("IMIE" NOT NULL ENABLE);
  ALTER TABLE "MDUDEK8"."KIBICE" MODIFY ("NAZWISKO" NOT NULL ENABLE);
  ALTER TABLE "MDUDEK8"."KIBICE" MODIFY ("PESEL" NOT NULL ENABLE);
  ALTER TABLE "MDUDEK8"."KIBICE" MODIFY ("EMAIL" NOT NULL ENABLE);
  ALTER TABLE "MDUDEK8"."KIBICE" MODIFY ("TELEFON" NOT NULL ENABLE);
  ALTER TABLE "MDUDEK8"."KIBICE" MODIFY ("DATA_URODZENIA" NOT NULL ENABLE);
  ALTER TABLE "MDUDEK8"."KIBICE" MODIFY ("NR_KLUBU" NOT NULL ENABLE);
  ALTER TABLE "MDUDEK8"."KIBICE" MODIFY ("NR_ADRESU" NOT NULL ENABLE);
  ALTER TABLE "MDUDEK8"."KIBICE" ADD CONSTRAINT "UNIQUE_IDENTIFIER3" PRIMARY KEY ("NR_KIBICA")
  USING INDEX PCTFREE 10 INITRANS 2 MAXTRANS 255 COMPUTE STATISTICS 
  STORAGE(INITIAL 65536 NEXT 1048576 MINEXTENTS 1 MAXEXTENTS 2147483645
  PCTINCREASE 0 FREELISTS 1 FREELIST GROUPS 1
  BUFFER_POOL DEFAULT FLASH_CACHE DEFAULT CELL_FLASH_CACHE DEFAULT)
  TABLESPACE "USERS"  ENABLE;
--------------------------------------------------------
--  Constraints for Table KIBIC_PRODUKT
--------------------------------------------------------

  ALTER TABLE "MDUDEK8"."KIBIC_PRODUKT" MODIFY ("NR_KIBICA" NOT NULL ENABLE);
  ALTER TABLE "MDUDEK8"."KIBIC_PRODUKT" MODIFY ("NR_PRODUKTU" NOT NULL ENABLE);
--------------------------------------------------------
--  Constraints for Table KLUB_PILKARSKI
--------------------------------------------------------

  ALTER TABLE "MDUDEK8"."KLUB_PILKARSKI" MODIFY ("NR_KLUBU" NOT NULL ENABLE);
  ALTER TABLE "MDUDEK8"."KLUB_PILKARSKI" MODIFY ("NAZWA" NOT NULL ENABLE);
  ALTER TABLE "MDUDEK8"."KLUB_PILKARSKI" MODIFY ("WLASCICIEL" NOT NULL ENABLE);
  ALTER TABLE "MDUDEK8"."KLUB_PILKARSKI" MODIFY ("DATA_ZALOZENIA" NOT NULL ENABLE);
  ALTER TABLE "MDUDEK8"."KLUB_PILKARSKI" MODIFY ("NR_ADRESU" NOT NULL ENABLE);
  ALTER TABLE "MDUDEK8"."KLUB_PILKARSKI" ADD CONSTRAINT "UNIQUE_IDENTIFIER2" PRIMARY KEY ("NR_KLUBU")
  USING INDEX PCTFREE 10 INITRANS 2 MAXTRANS 255 COMPUTE STATISTICS 
  STORAGE(INITIAL 65536 NEXT 1048576 MINEXTENTS 1 MAXEXTENTS 2147483645
  PCTINCREASE 0 FREELISTS 1 FREELIST GROUPS 1
  BUFFER_POOL DEFAULT FLASH_CACHE DEFAULT CELL_FLASH_CACHE DEFAULT)
  TABLESPACE "USERS"  ENABLE;
--------------------------------------------------------
--  Constraints for Table MECZE
--------------------------------------------------------

  ALTER TABLE "MDUDEK8"."MECZE" MODIFY ("NR_MECZU" NOT NULL ENABLE);
  ALTER TABLE "MDUDEK8"."MECZE" MODIFY ("DRUZYNA_PRZECIWNA" NOT NULL ENABLE);
  ALTER TABLE "MDUDEK8"."MECZE" MODIFY ("DATA" NOT NULL ENABLE);
  ALTER TABLE "MDUDEK8"."MECZE" MODIFY ("GODZINA" NOT NULL ENABLE);
  ALTER TABLE "MDUDEK8"."MECZE" MODIFY ("IMIE_SEDZIEGO" NOT NULL ENABLE);
  ALTER TABLE "MDUDEK8"."MECZE" MODIFY ("NAZWISKO_SEDZIEGO" NOT NULL ENABLE);
  ALTER TABLE "MDUDEK8"."MECZE" MODIFY ("NR_KLUBU" NOT NULL ENABLE);
  ALTER TABLE "MDUDEK8"."MECZE" MODIFY ("NR_STADIONU" NOT NULL ENABLE);
  ALTER TABLE "MDUDEK8"."MECZE" ADD CONSTRAINT "UNIQUE_IDENTIFIER11" PRIMARY KEY ("NR_MECZU")
  USING INDEX PCTFREE 10 INITRANS 2 MAXTRANS 255 COMPUTE STATISTICS 
  STORAGE(INITIAL 65536 NEXT 1048576 MINEXTENTS 1 MAXEXTENTS 2147483645
  PCTINCREASE 0 FREELISTS 1 FREELIST GROUPS 1
  BUFFER_POOL DEFAULT FLASH_CACHE DEFAULT CELL_FLASH_CACHE DEFAULT)
  TABLESPACE "USERS"  ENABLE;
--------------------------------------------------------
--  Constraints for Table POCZTY
--------------------------------------------------------

  ALTER TABLE "MDUDEK8"."POCZTY" MODIFY ("NR_POCZTY" NOT NULL ENABLE);
  ALTER TABLE "MDUDEK8"."POCZTY" MODIFY ("KOD_POCZTOWY" NOT NULL ENABLE);
  ALTER TABLE "MDUDEK8"."POCZTY" MODIFY ("POCZTA" NOT NULL ENABLE);
  ALTER TABLE "MDUDEK8"."POCZTY" ADD CONSTRAINT "PK_POCZTY" PRIMARY KEY ("NR_POCZTY")
  USING INDEX PCTFREE 10 INITRANS 2 MAXTRANS 255 COMPUTE STATISTICS 
  STORAGE(INITIAL 65536 NEXT 1048576 MINEXTENTS 1 MAXEXTENTS 2147483645
  PCTINCREASE 0 FREELISTS 1 FREELIST GROUPS 1
  BUFFER_POOL DEFAULT FLASH_CACHE DEFAULT CELL_FLASH_CACHE DEFAULT)
  TABLESPACE "USERS"  ENABLE;
--------------------------------------------------------
--  Constraints for Table PRACOWNICY
--------------------------------------------------------

  ALTER TABLE "MDUDEK8"."PRACOWNICY" MODIFY ("NR_PRACOWNIKA" NOT NULL ENABLE);
  ALTER TABLE "MDUDEK8"."PRACOWNICY" MODIFY ("IMIE" NOT NULL ENABLE);
  ALTER TABLE "MDUDEK8"."PRACOWNICY" MODIFY ("NAZWISKO" NOT NULL ENABLE);
  ALTER TABLE "MDUDEK8"."PRACOWNICY" MODIFY ("PLEC" NOT NULL ENABLE);
  ALTER TABLE "MDUDEK8"."PRACOWNICY" MODIFY ("TELEFON_SLUZBOWY" NOT NULL ENABLE);
  ALTER TABLE "MDUDEK8"."PRACOWNICY" MODIFY ("OBYWATELSTWO" NOT NULL ENABLE);
  ALTER TABLE "MDUDEK8"."PRACOWNICY" MODIFY ("DATA_URODZENIA" NOT NULL ENABLE);
  ALTER TABLE "MDUDEK8"."PRACOWNICY" MODIFY ("DATA_ZATRUDNIENIA" NOT NULL ENABLE);
  ALTER TABLE "MDUDEK8"."PRACOWNICY" MODIFY ("EMAIL" NOT NULL ENABLE);
  ALTER TABLE "MDUDEK8"."PRACOWNICY" MODIFY ("NR_KLUBU" NOT NULL ENABLE);
  ALTER TABLE "MDUDEK8"."PRACOWNICY" MODIFY ("NR_STANOWISKA" NOT NULL ENABLE);
  ALTER TABLE "MDUDEK8"."PRACOWNICY" MODIFY ("NR_ADRESU" NOT NULL ENABLE);
  ALTER TABLE "MDUDEK8"."PRACOWNICY" ADD CHECK (Plec IN ('M','K')) ENABLE;
  ALTER TABLE "MDUDEK8"."PRACOWNICY" ADD CONSTRAINT "UNIQUE_IDENTIFIER1" PRIMARY KEY ("NR_PRACOWNIKA")
  USING INDEX PCTFREE 10 INITRANS 2 MAXTRANS 255 COMPUTE STATISTICS 
  STORAGE(INITIAL 65536 NEXT 1048576 MINEXTENTS 1 MAXEXTENTS 2147483645
  PCTINCREASE 0 FREELISTS 1 FREELIST GROUPS 1
  BUFFER_POOL DEFAULT FLASH_CACHE DEFAULT CELL_FLASH_CACHE DEFAULT)
  TABLESPACE "USERS"  ENABLE;
--------------------------------------------------------
--  Constraints for Table PRACOWNIK_MECZ
--------------------------------------------------------

  ALTER TABLE "MDUDEK8"."PRACOWNIK_MECZ" MODIFY ("NR_PRACOWNIKA" NOT NULL ENABLE);
  ALTER TABLE "MDUDEK8"."PRACOWNIK_MECZ" MODIFY ("NR_MECZU" NOT NULL ENABLE);
--------------------------------------------------------
--  Constraints for Table PRODUCENCI
--------------------------------------------------------

  ALTER TABLE "MDUDEK8"."PRODUCENCI" MODIFY ("NR_PRODUCENTA" NOT NULL ENABLE);
  ALTER TABLE "MDUDEK8"."PRODUCENCI" MODIFY ("NAZWA_PRODUCENTA" NOT NULL ENABLE);
  ALTER TABLE "MDUDEK8"."PRODUCENCI" MODIFY ("TELEFON" NOT NULL ENABLE);
  ALTER TABLE "MDUDEK8"."PRODUCENCI" MODIFY ("NR_ADRESU" NOT NULL ENABLE);
  ALTER TABLE "MDUDEK8"."PRODUCENCI" ADD CONSTRAINT "PK_PRODUCENCI" PRIMARY KEY ("NR_PRODUCENTA")
  USING INDEX PCTFREE 10 INITRANS 2 MAXTRANS 255 COMPUTE STATISTICS 
  STORAGE(INITIAL 65536 NEXT 1048576 MINEXTENTS 1 MAXEXTENTS 2147483645
  PCTINCREASE 0 FREELISTS 1 FREELIST GROUPS 1
  BUFFER_POOL DEFAULT FLASH_CACHE DEFAULT CELL_FLASH_CACHE DEFAULT)
  TABLESPACE "USERS"  ENABLE;
--------------------------------------------------------
--  Constraints for Table PRODUKTY
--------------------------------------------------------

  ALTER TABLE "MDUDEK8"."PRODUKTY" MODIFY ("NR_PRODUKTU" NOT NULL ENABLE);
  ALTER TABLE "MDUDEK8"."PRODUKTY" MODIFY ("NAZWA_PRODUKTU" NOT NULL ENABLE);
  ALTER TABLE "MDUDEK8"."PRODUKTY" MODIFY ("CENA" NOT NULL ENABLE);
  ALTER TABLE "MDUDEK8"."PRODUKTY" MODIFY ("RODZAJ_PRODUKTU" NOT NULL ENABLE);
  ALTER TABLE "MDUDEK8"."PRODUKTY" MODIFY ("PRODUCENT" NOT NULL ENABLE);
  ALTER TABLE "MDUDEK8"."PRODUKTY" MODIFY ("NR_KLUBU" NOT NULL ENABLE);
  ALTER TABLE "MDUDEK8"."PRODUKTY" MODIFY ("NR_PRODUCENTA" NOT NULL ENABLE);
  ALTER TABLE "MDUDEK8"."PRODUKTY" ADD CHECK (Rodzaj_produktu IN ('Koszulka','Szalik','Czapka')) ENABLE;
  ALTER TABLE "MDUDEK8"."PRODUKTY" ADD CONSTRAINT "UNIQUE_IDENTIFIER5" PRIMARY KEY ("NR_PRODUKTU")
  USING INDEX PCTFREE 10 INITRANS 2 MAXTRANS 255 COMPUTE STATISTICS 
  STORAGE(INITIAL 65536 NEXT 1048576 MINEXTENTS 1 MAXEXTENTS 2147483645
  PCTINCREASE 0 FREELISTS 1 FREELIST GROUPS 1
  BUFFER_POOL DEFAULT FLASH_CACHE DEFAULT CELL_FLASH_CACHE DEFAULT)
  TABLESPACE "USERS"  ENABLE;
--------------------------------------------------------
--  Constraints for Table PRODUKT_ZAMOWIENIE
--------------------------------------------------------

  ALTER TABLE "MDUDEK8"."PRODUKT_ZAMOWIENIE" MODIFY ("NR_PRODUKTU" NOT NULL ENABLE);
  ALTER TABLE "MDUDEK8"."PRODUKT_ZAMOWIENIE" MODIFY ("NR_ZAMÓWIENIA" NOT NULL ENABLE);
--------------------------------------------------------
--  Constraints for Table STADIONY
--------------------------------------------------------

  ALTER TABLE "MDUDEK8"."STADIONY" MODIFY ("NR_STADIONU" NOT NULL ENABLE);
  ALTER TABLE "MDUDEK8"."STADIONY" MODIFY ("POJEMNOSC" NOT NULL ENABLE);
  ALTER TABLE "MDUDEK8"."STADIONY" MODIFY ("ILOSC_WEJSC" NOT NULL ENABLE);
  ALTER TABLE "MDUDEK8"."STADIONY" MODIFY ("DATA_WYBUDOWY" NOT NULL ENABLE);
  ALTER TABLE "MDUDEK8"."STADIONY" MODIFY ("NR_KLUBU" NOT NULL ENABLE);
  ALTER TABLE "MDUDEK8"."STADIONY" MODIFY ("NR_ADRESU" NOT NULL ENABLE);
  ALTER TABLE "MDUDEK8"."STADIONY" ADD CONSTRAINT "UNIQUE_IDENTIFIER10" PRIMARY KEY ("NR_STADIONU")
  USING INDEX PCTFREE 10 INITRANS 2 MAXTRANS 255 COMPUTE STATISTICS 
  STORAGE(INITIAL 65536 NEXT 1048576 MINEXTENTS 1 MAXEXTENTS 2147483645
  PCTINCREASE 0 FREELISTS 1 FREELIST GROUPS 1
  BUFFER_POOL DEFAULT FLASH_CACHE DEFAULT CELL_FLASH_CACHE DEFAULT)
  TABLESPACE "USERS"  ENABLE;
--------------------------------------------------------
--  Constraints for Table STANOWISKA
--------------------------------------------------------

  ALTER TABLE "MDUDEK8"."STANOWISKA" MODIFY ("NR_STANOWISKA" NOT NULL ENABLE);
  ALTER TABLE "MDUDEK8"."STANOWISKA" MODIFY ("NAZWA_STANOWISKA" NOT NULL ENABLE);
  ALTER TABLE "MDUDEK8"."STANOWISKA" ADD CONSTRAINT "PK_STANOWISKA" PRIMARY KEY ("NR_STANOWISKA")
  USING INDEX PCTFREE 10 INITRANS 2 MAXTRANS 255 COMPUTE STATISTICS 
  STORAGE(INITIAL 65536 NEXT 1048576 MINEXTENTS 1 MAXEXTENTS 2147483645
  PCTINCREASE 0 FREELISTS 1 FREELIST GROUPS 1
  BUFFER_POOL DEFAULT FLASH_CACHE DEFAULT CELL_FLASH_CACHE DEFAULT)
  TABLESPACE "USERS"  ENABLE;
--------------------------------------------------------
--  Constraints for Table WYNAGRODZENIA
--------------------------------------------------------

  ALTER TABLE "MDUDEK8"."WYNAGRODZENIA" MODIFY ("NR_WYNAGRODZENIA" NOT NULL ENABLE);
  ALTER TABLE "MDUDEK8"."WYNAGRODZENIA" MODIFY ("DATA_PRZYZNANIA" NOT NULL ENABLE);
  ALTER TABLE "MDUDEK8"."WYNAGRODZENIA" MODIFY ("PENSJA" NOT NULL ENABLE);
  ALTER TABLE "MDUDEK8"."WYNAGRODZENIA" ADD CONSTRAINT "PK_WYNAGRODZENIA" PRIMARY KEY ("NR_WYNAGRODZENIA")
  USING INDEX PCTFREE 10 INITRANS 2 MAXTRANS 255 COMPUTE STATISTICS 
  STORAGE(INITIAL 65536 NEXT 1048576 MINEXTENTS 1 MAXEXTENTS 2147483645
  PCTINCREASE 0 FREELISTS 1 FREELIST GROUPS 1
  BUFFER_POOL DEFAULT FLASH_CACHE DEFAULT CELL_FLASH_CACHE DEFAULT)
  TABLESPACE "USERS"  ENABLE;
--------------------------------------------------------
--  Constraints for Table ZAMOWIENIA
--------------------------------------------------------

  ALTER TABLE "MDUDEK8"."ZAMOWIENIA" MODIFY ("NR_ZAMOWIENIA" NOT NULL ENABLE);
  ALTER TABLE "MDUDEK8"."ZAMOWIENIA" MODIFY ("DATA_ZLOZENIA" NOT NULL ENABLE);
  ALTER TABLE "MDUDEK8"."ZAMOWIENIA" MODIFY ("DATA_WPLATY" NOT NULL ENABLE);
  ALTER TABLE "MDUDEK8"."ZAMOWIENIA" MODIFY ("DATA_PRZYJECIA_ZAMOWIENIA" NOT NULL ENABLE);
  ALTER TABLE "MDUDEK8"."ZAMOWIENIA" MODIFY ("NR_KLUBU" NOT NULL ENABLE);
  ALTER TABLE "MDUDEK8"."ZAMOWIENIA" MODIFY ("NR_KIBICA" NOT NULL ENABLE);
  ALTER TABLE "MDUDEK8"."ZAMOWIENIA" ADD CONSTRAINT "UNIQUE_IDENTIFIER6" PRIMARY KEY ("NR_ZAMOWIENIA")
  USING INDEX PCTFREE 10 INITRANS 2 MAXTRANS 255 COMPUTE STATISTICS 
  STORAGE(INITIAL 65536 NEXT 1048576 MINEXTENTS 1 MAXEXTENTS 2147483645
  PCTINCREASE 0 FREELISTS 1 FREELIST GROUPS 1
  BUFFER_POOL DEFAULT FLASH_CACHE DEFAULT CELL_FLASH_CACHE DEFAULT)
  TABLESPACE "USERS"  ENABLE;
--------------------------------------------------------
--  Ref Constraints for Table ADRESY
--------------------------------------------------------

  ALTER TABLE "MDUDEK8"."ADRESY" ADD CONSTRAINT "POCZTA_MA_ADRES" FOREIGN KEY ("NR_POCZTY")
	  REFERENCES "MDUDEK8"."POCZTY" ("NR_POCZTY") ENABLE;
--------------------------------------------------------
--  Ref Constraints for Table BILETY
--------------------------------------------------------

  ALTER TABLE "MDUDEK8"."BILETY" ADD CONSTRAINT "KLUB_SPRZEDAJE" FOREIGN KEY ("NR_KLUBU")
	  REFERENCES "MDUDEK8"."KLUB_PILKARSKI" ("NR_KLUBU") ENABLE;
  ALTER TABLE "MDUDEK8"."BILETY" ADD CONSTRAINT "KIBIC_KUPUJE" FOREIGN KEY ("NR_KIBICA")
	  REFERENCES "MDUDEK8"."KIBICE" ("NR_KIBICA") ENABLE;
  ALTER TABLE "MDUDEK8"."BILETY" ADD CONSTRAINT "MECZ_GENERUJE" FOREIGN KEY ("NR_MECZU")
	  REFERENCES "MDUDEK8"."MECZE" ("NR_MECZU") ENABLE;
--------------------------------------------------------
--  Ref Constraints for Table KIBICE
--------------------------------------------------------

  ALTER TABLE "MDUDEK8"."KIBICE" ADD CONSTRAINT "KLUB_POSIADA" FOREIGN KEY ("NR_KLUBU")
	  REFERENCES "MDUDEK8"."KLUB_PILKARSKI" ("NR_KLUBU") ENABLE;
  ALTER TABLE "MDUDEK8"."KIBICE" ADD CONSTRAINT "KIBIC_MA_ADRES" FOREIGN KEY ("NR_ADRESU")
	  REFERENCES "MDUDEK8"."ADRESY" ("NR_ADRESU") ENABLE;
--------------------------------------------------------
--  Ref Constraints for Table KLUB_PILKARSKI
--------------------------------------------------------

  ALTER TABLE "MDUDEK8"."KLUB_PILKARSKI" ADD CONSTRAINT "KLUB_MA_ADRES" FOREIGN KEY ("NR_ADRESU")
	  REFERENCES "MDUDEK8"."ADRESY" ("NR_ADRESU") ENABLE;
--------------------------------------------------------
--  Ref Constraints for Table MECZE
--------------------------------------------------------

  ALTER TABLE "MDUDEK8"."MECZE" ADD CONSTRAINT "KLUB_ORGANIZUJE" FOREIGN KEY ("NR_KLUBU")
	  REFERENCES "MDUDEK8"."KLUB_PILKARSKI" ("NR_KLUBU") ENABLE;
  ALTER TABLE "MDUDEK8"."MECZE" ADD CONSTRAINT "UMOZLIWIA_ROZGRYWANIE" FOREIGN KEY ("NR_STADIONU")
	  REFERENCES "MDUDEK8"."STADIONY" ("NR_STADIONU") ENABLE;
--------------------------------------------------------
--  Ref Constraints for Table PRACOWNICY
--------------------------------------------------------

  ALTER TABLE "MDUDEK8"."PRACOWNICY" ADD CONSTRAINT "KLUB_ZATRUDNIA" FOREIGN KEY ("NR_KLUBU")
	  REFERENCES "MDUDEK8"."KLUB_PILKARSKI" ("NR_KLUBU") ENABLE;
  ALTER TABLE "MDUDEK8"."PRACOWNICY" ADD CONSTRAINT "PRACOWNICY_PRACUJA" FOREIGN KEY ("NR_STADIONU")
	  REFERENCES "MDUDEK8"."STADIONY" ("NR_STADIONU") ENABLE;
  ALTER TABLE "MDUDEK8"."PRACOWNICY" ADD CONSTRAINT "PRACOWNIK_OBSADZA_STANOWISKO" FOREIGN KEY ("NR_STANOWISKA")
	  REFERENCES "MDUDEK8"."STANOWISKA" ("NR_STANOWISKA") ENABLE;
  ALTER TABLE "MDUDEK8"."PRACOWNICY" ADD CONSTRAINT "PRACOWNIK_MA_ADRES" FOREIGN KEY ("NR_ADRESU")
	  REFERENCES "MDUDEK8"."ADRESY" ("NR_ADRESU") ENABLE;
--------------------------------------------------------
--  Ref Constraints for Table PRODUCENCI
--------------------------------------------------------

  ALTER TABLE "MDUDEK8"."PRODUCENCI" ADD CONSTRAINT "PRODUCENT_MA_ADRES" FOREIGN KEY ("NR_ADRESU")
	  REFERENCES "MDUDEK8"."ADRESY" ("NR_ADRESU") ENABLE;
--------------------------------------------------------
--  Ref Constraints for Table PRODUKTY
--------------------------------------------------------

  ALTER TABLE "MDUDEK8"."PRODUKTY" ADD CONSTRAINT "KLUB_OFERUJE" FOREIGN KEY ("NR_KLUBU")
	  REFERENCES "MDUDEK8"."KLUB_PILKARSKI" ("NR_KLUBU") ENABLE;
  ALTER TABLE "MDUDEK8"."PRODUKTY" ADD CONSTRAINT "PRODUCENT_PRODUKUJE" FOREIGN KEY ("NR_PRODUCENTA")
	  REFERENCES "MDUDEK8"."PRODUCENCI" ("NR_PRODUCENTA") ENABLE;
--------------------------------------------------------
--  Ref Constraints for Table STADIONY
--------------------------------------------------------

  ALTER TABLE "MDUDEK8"."STADIONY" ADD CONSTRAINT "KLUB_MA" FOREIGN KEY ("NR_KLUBU")
	  REFERENCES "MDUDEK8"."KLUB_PILKARSKI" ("NR_KLUBU") ENABLE;
  ALTER TABLE "MDUDEK8"."STADIONY" ADD CONSTRAINT "STADION_MA_ADRES" FOREIGN KEY ("NR_ADRESU")
	  REFERENCES "MDUDEK8"."ADRESY" ("NR_ADRESU") ENABLE;
--------------------------------------------------------
--  Ref Constraints for Table WYNAGRODZENIA
--------------------------------------------------------

  ALTER TABLE "MDUDEK8"."WYNAGRODZENIA" ADD CONSTRAINT "PRACOWNICY_OTRZYMUJ¥_WYNAGRODZENIE" FOREIGN KEY ("NR_PRACOWNIKA")
	  REFERENCES "MDUDEK8"."PRACOWNICY" ("NR_PRACOWNIKA") ENABLE;
--------------------------------------------------------
--  Ref Constraints for Table ZAMOWIENIA
--------------------------------------------------------

  ALTER TABLE "MDUDEK8"."ZAMOWIENIA" ADD CONSTRAINT "KLUB_REALIZUJE_ZAMOWIENIA" FOREIGN KEY ("NR_KLUBU")
	  REFERENCES "MDUDEK8"."KLUB_PILKARSKI" ("NR_KLUBU") ENABLE;
  ALTER TABLE "MDUDEK8"."ZAMOWIENIA" ADD CONSTRAINT "KIBIC_ZAMAWIA" FOREIGN KEY ("NR_KIBICA")
	  REFERENCES "MDUDEK8"."KIBICE" ("NR_KIBICA") ENABLE;
  ALTER TABLE "MDUDEK8"."ZAMOWIENIA" ADD CONSTRAINT "FAKTURA_JEST_WYSTAWIANA" FOREIGN KEY ("NR_FAKTURY")
	  REFERENCES "MDUDEK8"."FAKTURY" ("NR_FAKTURY") ENABLE;
